case_id,student_id,course_code,course_name,faculty_name,incident_date,violation_type,severity,status,description
AI000001,S008554,ENG307,Intermediate English,Dr. Joseph Wright,2024-08-01,Unauthorized Materials,Minor,Resolved - Sanction Issued,"During grading, Dr. Joseph Wright identified indicators consistent with unauthorized materials."
AI000002,S004480,BUS222,Intermediate Business Administration,Prof. Alexander Le,2024-08-01,Unauthorized Collaboration,Moderate,Resolved - No Violation Found,A case of unauthorized collaboration was flagged via the course's academic integrity review process.
AI000003,S005948,BUS229,Intermediate Business Administration,Prof. Kenneth Fowler,2024-08-02,Unauthorized Materials,Moderate,Resolved - No Violation Found,Prof. Kenneth Fowler submitted a report alleging unauthorized materials in BUS229.
AI000004,S005829,MATH369,Mathematics Fundamentals,Dr. Rita Harrell,2024-08-04,Unauthorized Use of AI Tools,Moderate,Resolved - Sanction Issued,Student was referred to the Academic Integrity Office for unauthorized use of ai tools.
AI000005,S006473,PSY182,Psychology Seminar,Dr. Melanie Munoz,2024-08-06,Fabrication of Data,Moderate,Under Investigation,Faculty member reported a suspected case of fabrication of data in a submitted assignment.
AI000006,S008207,PHYS401,Physics Fundamentals,Dr. Debra Gardner,2024-08-06,Plagiarism,Moderate,Resolved - Sanction Issued,Dr. Debra Gardner submitted a report alleging plagiarism in PHYS401.
AI000007,S009031,CHEM421,Intermediate Chemistry,Prof. Craig Ramirez,2024-08-08,Unauthorized Use of AI Tools,Minor,Pending Review,Faculty member reported a suspected case of unauthorized use of ai tools in a submitted assignment.
AI000008,S003249,CHEM251,Introduction to Chemistry,Prof. Leslie Adams,2024-08-09,Unauthorized Use of AI Tools,Moderate,Resolved - Sanction Issued,Faculty member reported a suspected case of unauthorized use of ai tools in a submitted assignment.
AI000009,S008939,PHYS248,Intermediate Physics,Dr. Christopher Williams,2024-08-10,Cheating on Exam,Moderate,Resolved - Sanction Issued,Dr. Christopher Williams submitted a report alleging cheating on exam in PHYS248.
AI000010,S001473,ME191,Advanced Mechanical Engineering,Dr. Patricia Miller,2024-08-10,Contract Cheating,Minor,Resolved - Sanction Issued,Dr. Patricia Miller submitted a report alleging contract cheating in ME191.
AI000011,S001525,ENG109,Topics in English,Prof. Christopher Hall,2024-08-11,Fabrication of Data,Minor,Resolved - Sanction Issued,"During grading, Prof. Christopher Hall identified indicators consistent with fabrication of data."
AI000012,S005338,PSY135,Principles of Psychology,Dr. Angela Cohen,2024-08-11,Contract Cheating,Moderate,Under Investigation,Faculty member reported a suspected case of contract cheating in a submitted assignment.
AI000013,S007354,ENG279,English Fundamentals,Dr. Debra Gardner,2024-08-12,Cheating on Exam,Moderate,Resolved - Sanction Issued,Student was referred to the Academic Integrity Office for cheating on exam.
AI000014,S002907,HIST280,Introduction to History,Prof. Maria Montgomery,2024-08-19,Contract Cheating,Serious,Resolved - Sanction Issued,Faculty member reported a suspected case of contract cheating in a submitted assignment.
AI000015,S006106,BIO432,Principles of Biology,Prof. Nancy Baker,2024-08-20,Plagiarism,Minor,Resolved - Sanction Issued,Student was referred to the Academic Integrity Office for plagiarism.
AI000016,S007550,PHYS199,Intermediate Physics,Dr. Chelsea Hernandez,2024-08-20,Exam Impersonation,Moderate,Resolved - Sanction Issued,Dr. Chelsea Hernandez submitted a report alleging exam impersonation in PHYS199.
AI000017,S007039,MATH435,Intermediate Mathematics,Prof. Jeffrey Lawrence,2024-08-20,Unauthorized Collaboration,Minor,Resolved - Sanction Issued,"During grading, Prof. Jeffrey Lawrence identified indicators consistent with unauthorized collaboration."
AI000018,S003768,POL213,Topics in Political Science,Prof. Michelle Ray,2024-08-20,Fabrication of Data,Severe,Resolved - Sanction Issued,Prof. Michelle Ray submitted a report alleging fabrication of data in POL213.
AI000019,S007566,EE213,Electrical Engineering Seminar,Dr. Jeffery Wagner,2024-08-27,Unauthorized Collaboration,Serious,Pending Review,Dr. Jeffery Wagner submitted a report alleging unauthorized collaboration in EE213.
AI000020,S006998,SOC111,Topics in Sociology,Dr. Diana Foster,2024-08-28,Cheating on Exam,Minor,Resolved - No Violation Found,Dr. Diana Foster submitted a report alleging cheating on exam in SOC111.
AI000021,S003785,POL281,Introduction to Political Science,Prof. Amanda Dudley,2024-08-28,Exam Impersonation,Moderate,Resolved - No Violation Found,Prof. Amanda Dudley submitted a report alleging exam impersonation in POL281.
AI000022,S005348,EE398,Electrical Engineering Seminar,Prof. Megan Parsons,2024-08-28,Contract Cheating,Serious,Under Investigation,Faculty member reported a suspected case of contract cheating in a submitted assignment.
AI000023,S004843,EE157,Advanced Electrical Engineering,Dr. Jason Hahn,2024-09-03,Duplicate Submission,Moderate,Appealed,A case of duplicate submission was flagged via the course's academic integrity review process.
AI000024,S007554,CHEM167,Advanced Chemistry,Dr. Tasha Valencia,2024-09-05,Unauthorized Materials,Minor,Resolved - Sanction Issued,"During grading, Dr. Tasha Valencia identified indicators consistent with unauthorized materials."
AI000025,S000331,HIST151,History Fundamentals,Dr. Chelsea Hernandez,2024-09-06,Cheating on Exam,Minor,Resolved - Sanction Issued,"During grading, Dr. Chelsea Hernandez identified indicators consistent with cheating on exam."
AI000026,S000058,EE480,Electrical Engineering Seminar,Dr. Reginald Robinson,2024-09-06,Contract Cheating,Minor,Pending Review,Student was referred to the Academic Integrity Office for contract cheating.
AI000027,S005364,ME264,Advanced Mechanical Engineering,Dr. Debra Gardner,2024-09-08,Contract Cheating,Moderate,Resolved - Sanction Issued,Dr. Debra Gardner submitted a report alleging contract cheating in ME264.
AI000028,S002273,MATH278,Mathematics Seminar,Dr. George Daniel,2024-09-09,Cheating on Exam,Moderate,Resolved - Sanction Issued,"During grading, Dr. George Daniel identified indicators consistent with cheating on exam."
AI000029,S007478,POL478,Intermediate Political Science,Dr. Christopher Williams,2024-09-13,Duplicate Submission,Minor,Under Investigation,A case of duplicate submission was flagged via the course's academic integrity review process.
AI000030,S006276,CHEM394,Chemistry Fundamentals,Dr. George Daniel,2024-09-18,Unauthorized Materials,Serious,Resolved - No Violation Found,Dr. George Daniel submitted a report alleging unauthorized materials in CHEM394.
AI000031,S003445,CHEM431,Principles of Chemistry,Dr. Debra Gardner,2024-09-20,Unauthorized Materials,Severe,Under Investigation,Faculty member reported a suspected case of unauthorized materials in a submitted assignment.
AI000032,S009582,PSY197,Psychology Seminar,Prof. Christopher Hall,2024-09-24,Unauthorized Use of AI Tools,Moderate,Under Investigation,Faculty member reported a suspected case of unauthorized use of ai tools in a submitted assignment.
AI000033,S005862,EE218,Principles of Electrical Engineering,Dr. Linda Wolfe,2024-09-24,Cheating on Exam,Minor,Resolved - Sanction Issued,Dr. Linda Wolfe submitted a report alleging cheating on exam in EE218.
AI000034,S004085,ME431,Introduction to Mechanical Engineering,Dr. Jeffery Wagner,2024-09-25,Plagiarism,Serious,Pending Review,A case of plagiarism was flagged via the course's academic integrity review process.
AI000035,S004698,SOC291,Advanced Sociology,Prof. Kenneth Fowler,2024-09-26,Cheating on Exam,Severe,Resolved - No Violation Found,"During grading, Prof. Kenneth Fowler identified indicators consistent with cheating on exam."
AI000036,S004279,CHEM134,Chemistry Fundamentals,Dr. Diana Foster,2024-09-26,Contract Cheating,Serious,Resolved - No Violation Found,Student was referred to the Academic Integrity Office for contract cheating.
AI000037,S008272,SOC449,Advanced Sociology,Prof. Anna Baker,2024-09-28,Unauthorized Materials,Serious,Pending Review,Student was referred to the Academic Integrity Office for unauthorized materials.
AI000038,S004394,CS139,Computer Science Fundamentals,Dr. Rita Harrell,2024-09-30,Fabrication of Data,Serious,Resolved - Sanction Issued,A case of fabrication of data was flagged via the course's academic integrity review process.
AI000039,S002270,NUR216,Topics in Nursing,Dr. Christopher Williams,2024-10-02,Cheating on Exam,Serious,Resolved - Sanction Issued,Student was referred to the Academic Integrity Office for cheating on exam.
AI000040,S007450,BIO481,Topics in Biology,Prof. Christopher Hall,2024-10-02,Cheating on Exam,Serious,Pending Review,A case of cheating on exam was flagged via the course's academic integrity review process.
AI000041,S002645,PHYS432,Physics Fundamentals,Prof. Vincent White,2024-10-04,Fabrication of Data,Minor,Resolved - Sanction Issued,Faculty member reported a suspected case of fabrication of data in a submitted assignment.
AI000042,S003280,ENG176,Introduction to English,Prof. Kenneth Fowler,2024-10-05,Unauthorized Collaboration,Severe,Appealed,"During grading, Prof. Kenneth Fowler identified indicators consistent with unauthorized collaboration."
AI000043,S009576,CS453,Principles of Computer Science,Dr. Diana Foster,2024-10-06,Unauthorized Materials,Minor,Appealed,Dr. Diana Foster submitted a report alleging unauthorized materials in CS453.
AI000044,S003624,BIO471,Advanced Biology,Dr. Debra Gardner,2024-10-08,Unauthorized Use of AI Tools,Minor,Pending Review,A case of unauthorized use of ai tools was flagged via the course's academic integrity review process.
AI000045,S000473,BUS194,Principles of Business Administration,Prof. Craig Ramirez,2024-10-08,Fabrication of Data,Moderate,Resolved - Sanction Issued,Student was referred to the Academic Integrity Office for fabrication of data.
AI000046,S007452,SOC150,Sociology Fundamentals,Dr. Jeremy Roberts,2024-10-08,Cheating on Exam,Moderate,Pending Review,Dr. Jeremy Roberts submitted a report alleging cheating on exam in SOC150.
AI000047,S000414,CS189,Topics in Computer Science,Dr. Tasha Valencia,2024-10-09,Unauthorized Use of AI Tools,Minor,Pending Review,Dr. Tasha Valencia submitted a report alleging unauthorized use of ai tools in CS189.
AI000048,S007419,ME307,Topics in Mechanical Engineering,Prof. Maria Montgomery,2024-10-10,Cheating on Exam,Moderate,Resolved - No Violation Found,Faculty member reported a suspected case of cheating on exam in a submitted assignment.
AI000049,S000027,EE413,Advanced Electrical Engineering,Dr. Susan Rogers,2024-10-10,Plagiarism,Serious,Under Investigation,"During grading, Dr. Susan Rogers identified indicators consistent with plagiarism."
AI000050,S007486,MATH222,Intermediate Mathematics,Dr. Joshua Walker,2024-10-14,Unauthorized Use of AI Tools,Minor,Resolved - Sanction Issued,Dr. Joshua Walker submitted a report alleging unauthorized use of ai tools in MATH222.
AI000051,S007489,MATH374,Principles of Mathematics,Dr. Matthew Moore,2024-10-15,Fabrication of Data,Severe,Resolved - Sanction Issued,A case of fabrication of data was flagged via the course's academic integrity review process.
AI000052,S007361,SOC369,Principles of Sociology,Prof. Kenneth Fowler,2024-10-17,Unauthorized Use of AI Tools,Moderate,Resolved - Sanction Issued,Faculty member reported a suspected case of unauthorized use of ai tools in a submitted assignment.
AI000053,S002685,ME108,Principles of Mechanical Engineering,Prof. Cynthia Diaz,2024-10-20,Cheating on Exam,Minor,Under Investigation,Student was referred to the Academic Integrity Office for cheating on exam.
AI000054,S006430,HIST186,History Seminar,Dr. Christopher Davis,2024-10-20,Unauthorized Collaboration,Serious,Pending Review,A case of unauthorized collaboration was flagged via the course's academic integrity review process.
AI000055,S005405,SOC305,Sociology Seminar,Prof. Robin Ellis,2024-10-22,Plagiarism,Moderate,Resolved - Sanction Issued,Faculty member reported a suspected case of plagiarism in a submitted assignment.
AI000056,S006038,PSY243,Psychology Fundamentals,Dr. Frank Gray,2024-10-23,Unauthorized Use of AI Tools,Moderate,Resolved - No Violation Found,Student was referred to the Academic Integrity Office for unauthorized use of ai tools.
AI000057,S006806,NUR120,Topics in Nursing,Dr. Jeremy Roberts,2024-10-25,Exam Impersonation,Moderate,Resolved - Sanction Issued,Faculty member reported a suspected case of exam impersonation in a submitted assignment.
AI000058,S002748,NUR126,Nursing Fundamentals,Prof. Daniel Graham,2024-10-28,Exam Impersonation,Moderate,Appealed,"During grading, Prof. Daniel Graham identified indicators consistent with exam impersonation."
AI000059,S003930,CHEM418,Advanced Chemistry,Prof. Erin Herrera,2024-10-31,Plagiarism,Serious,Resolved - Sanction Issued,A case of plagiarism was flagged via the course's academic integrity review process.
AI000060,S003013,MATH234,Principles of Mathematics,Dr. Debra Gardner,2024-11-03,Cheating on Exam,Moderate,Resolved - Sanction Issued,Student was referred to the Academic Integrity Office for cheating on exam.
AI000061,S004372,CS157,Advanced Computer Science,Prof. Jeffrey Lawrence,2024-11-05,Unauthorized Materials,Minor,Under Investigation,A case of unauthorized materials was flagged via the course's academic integrity review process.
AI000062,S005034,ME176,Mechanical Engineering Fundamentals,Dr. Whitney Hicks,2024-11-07,Unauthorized Collaboration,Moderate,Resolved - Sanction Issued,Dr. Whitney Hicks submitted a report alleging unauthorized collaboration in ME176.
AI000063,S003802,ENG477,Introduction to English,Prof. Alexander Le,2024-11-10,Unauthorized Collaboration,Moderate,Resolved - Sanction Issued,A case of unauthorized collaboration was flagged via the course's academic integrity review process.
AI000064,S001392,ECON375,Principles of Economics,Prof. Erin Herrera,2024-11-11,Unauthorized Materials,Minor,Under Investigation,Prof. Erin Herrera submitted a report alleging unauthorized materials in ECON375.
AI000065,S005193,MATH132,Advanced Mathematics,Prof. Maria Montgomery,2024-11-11,Cheating on Exam,Minor,Resolved - No Violation Found,"During grading, Prof. Maria Montgomery identified indicators consistent with cheating on exam."
AI000066,S000331,ME218,Mechanical Engineering Fundamentals,Dr. Nicholas Arnold,2024-11-15,Exam Impersonation,Minor,Resolved - Sanction Issued,"During grading, Dr. Nicholas Arnold identified indicators consistent with exam impersonation."
AI000067,S005386,CS485,Topics in Computer Science,Dr. Joshua Walker,2024-11-18,Unauthorized Materials,Minor,Resolved - Sanction Issued,Faculty member reported a suspected case of unauthorized materials in a submitted assignment.
AI000068,S006646,HIST133,History Fundamentals,Prof. Veronica Bowman,2024-11-19,Cheating on Exam,Minor,Resolved - No Violation Found,Student was referred to the Academic Integrity Office for cheating on exam.
AI000069,S003220,NUR475,Principles of Nursing,Prof. Alexander Le,2024-11-20,Contract Cheating,Severe,Appealed,Prof. Alexander Le submitted a report alleging contract cheating in NUR475.
AI000070,S004956,EE111,Electrical Engineering Seminar,Dr. Wendy Rice,2024-11-20,Contract Cheating,Minor,Under Investigation,Dr. Wendy Rice submitted a report alleging contract cheating in EE111.
AI000071,S004865,BUS199,Introduction to Business Administration,Dr. Danielle Johnson,2024-11-21,Cheating on Exam,Moderate,Resolved - No Violation Found,Dr. Danielle Johnson submitted a report alleging cheating on exam in BUS199.
AI000072,S000862,SOC313,Advanced Sociology,Prof. Vincent White,2024-11-21,Contract Cheating,Moderate,Resolved - Sanction Issued,"During grading, Prof. Vincent White identified indicators consistent with contract cheating."
AI000073,S002788,CS331,Computer Science Fundamentals,Prof. Leslie Adams,2024-11-25,Cheating on Exam,Minor,Resolved - No Violation Found,Prof. Leslie Adams submitted a report alleging cheating on exam in CS331.
AI000074,S005844,NUR295,Principles of Nursing,Prof. Alexander Le,2024-11-26,Contract Cheating,Serious,Pending Review,Prof. Alexander Le submitted a report alleging contract cheating in NUR295.
AI000075,S005710,BIO465,Topics in Biology,Prof. Nancy Edwards,2024-11-26,Contract Cheating,Severe,Resolved - Sanction Issued,Faculty member reported a suspected case of contract cheating in a submitted assignment.
AI000076,S006820,EE432,Electrical Engineering Fundamentals,Dr. Joshua Walker,2024-11-28,Plagiarism,Moderate,Under Investigation,A case of plagiarism was flagged via the course's academic integrity review process.
AI000077,S004114,EE415,Principles of Electrical Engineering,Dr. Lindsay Blair,2024-11-28,Exam Impersonation,Minor,Under Investigation,Faculty member reported a suspected case of exam impersonation in a submitted assignment.
AI000078,S008397,BIO338,Topics in Biology,Dr. Matthew Moore,2024-11-28,Unauthorized Use of AI Tools,Serious,Pending Review,Dr. Matthew Moore submitted a report alleging unauthorized use of ai tools in BIO338.
AI000079,S001981,BIO114,Biology Fundamentals,Prof. Maria Montgomery,2024-11-29,Cheating on Exam,Moderate,Pending Review,A case of cheating on exam was flagged via the course's academic integrity review process.
AI000080,S005796,EE396,Electrical Engineering Seminar,Dr. George Daniel,2024-11-30,Cheating on Exam,Minor,Pending Review,A case of cheating on exam was flagged via the course's academic integrity review process.
AI000081,S008628,MATH181,Topics in Mathematics,Dr. Angela Cohen,2024-12-01,Unauthorized Materials,Minor,Resolved - Sanction Issued,Dr. Angela Cohen submitted a report alleging unauthorized materials in MATH181.
AI000082,S007196,CHEM457,Topics in Chemistry,Dr. Shawn Mckay,2024-12-03,Unauthorized Materials,Moderate,Resolved - Sanction Issued,Student was referred to the Academic Integrity Office for unauthorized materials.
AI000083,S004479,SOC431,Topics in Sociology,Dr. Melanie Munoz,2024-12-03,Duplicate Submission,Serious,Under Investigation,A case of duplicate submission was flagged via the course's academic integrity review process.
AI000084,S006727,ENG341,Introduction to English,Dr. Jason Hahn,2024-12-03,Fabrication of Data,Moderate,Resolved - Sanction Issued,"During grading, Dr. Jason Hahn identified indicators consistent with fabrication of data."
AI000085,S008757,EE317,Advanced Electrical Engineering,Prof. Nancy Edwards,2024-12-08,Plagiarism,Moderate,Resolved - Sanction Issued,Prof. Nancy Edwards submitted a report alleging plagiarism in EE317.
AI000086,S006708,POL199,Introduction to Political Science,Dr. Tasha Valencia,2024-12-10,Unauthorized Use of AI Tools,Moderate,Pending Review,Student was referred to the Academic Integrity Office for unauthorized use of ai tools.
AI000087,S009192,ME222,Topics in Mechanical Engineering,Dr. Joseph Wright,2024-12-17,Unauthorized Materials,Moderate,Under Investigation,Dr. Joseph Wright submitted a report alleging unauthorized materials in ME222.
AI000088,S001308,PHYS315,Physics Seminar,Prof. Veronica Bowman,2024-12-17,Cheating on Exam,Severe,Under Investigation,Student was referred to the Academic Integrity Office for cheating on exam.
AI000089,S003959,CS362,Topics in Computer Science,Dr. Danielle Johnson,2024-12-21,Exam Impersonation,Minor,Resolved - Sanction Issued,Dr. Danielle Johnson submitted a report alleging exam impersonation in CS362.
AI000090,S005948,CHEM250,Chemistry Fundamentals,Prof. Daniel Graham,2024-12-21,Unauthorized Collaboration,Moderate,Resolved - Sanction Issued,Prof. Daniel Graham submitted a report alleging unauthorized collaboration in CHEM250.
AI000091,S000238,SOC149,Advanced Sociology,Prof. Leslie Adams,2024-12-24,Exam Impersonation,Moderate,Resolved - No Violation Found,A case of exam impersonation was flagged via the course's academic integrity review process.
AI000092,S007866,EE254,Principles of Electrical Engineering,Dr. Debra Gardner,2024-12-25,Unauthorized Materials,Moderate,Resolved - Sanction Issued,Student was referred to the Academic Integrity Office for unauthorized materials.
AI000093,S000908,ECON308,Economics Seminar,Dr. Debra Gardner,2024-12-28,Unauthorized Materials,Minor,Pending Review,A case of unauthorized materials was flagged via the course's academic integrity review process.
AI000094,S009867,ENG275,Intermediate English,Prof. Joseph Davidson,2024-12-29,Plagiarism,Serious,Resolved - Sanction Issued,"During grading, Prof. Joseph Davidson identified indicators consistent with plagiarism."
AI000095,S005202,BIO236,Principles of Biology,Dr. Janet Williams,2024-12-30,Unauthorized Materials,Serious,Resolved - Sanction Issued,Faculty member reported a suspected case of unauthorized materials in a submitted assignment.
AI000096,S001473,BUS457,Advanced Business Administration,Prof. Joseph Davidson,2025-01-01,Plagiarism,Serious,Pending Review,"During grading, Prof. Joseph Davidson identified indicators consistent with plagiarism."
AI000097,S004796,ME137,Principles of Mechanical Engineering,Prof. Craig Ramirez,2025-01-03,Fabrication of Data,Moderate,Resolved - Sanction Issued,Prof. Craig Ramirez submitted a report alleging fabrication of data in ME137.
AI000098,S009120,BUS374,Business Administration Seminar,Prof. Maria Montgomery,2025-01-04,Unauthorized Collaboration,Minor,Resolved - Sanction Issued,Student was referred to the Academic Integrity Office for unauthorized collaboration.
AI000099,S005341,HIST361,Intermediate History,Dr. Frank Gray,2025-01-06,Unauthorized Use of AI Tools,Serious,Resolved - Sanction Issued,Dr. Frank Gray submitted a report alleging unauthorized use of ai tools in HIST361.
AI000100,S001552,HIST131,Intermediate History,Dr. Matthew Moore,2025-01-06,Unauthorized Collaboration,Serious,Under Investigation,"During grading, Dr. Matthew Moore identified indicators consistent with unauthorized collaboration."
AI000101,S001655,SOC460,Topics in Sociology,Prof. Erin Herrera,2025-01-07,Exam Impersonation,Minor,Resolved - Sanction Issued,Faculty member reported a suspected case of exam impersonation in a submitted assignment.
AI000102,S005117,SOC112,Sociology Seminar,Dr. Susan Rogers,2025-01-08,Contract Cheating,Severe,Resolved - Sanction Issued,A case of contract cheating was flagged via the course's academic integrity review process.
AI000103,S005948,EE444,Electrical Engineering Fundamentals,Prof. Deborah Lynch,2025-01-08,Unauthorized Materials,Moderate,Resolved - Sanction Issued,Faculty member reported a suspected case of unauthorized materials in a submitted assignment.
AI000104,S002011,ME267,Principles of Mechanical Engineering,Prof. Erin Herrera,2025-01-08,Unauthorized Use of AI Tools,Minor,Resolved - Sanction Issued,Prof. Erin Herrera submitted a report alleging unauthorized use of ai tools in ME267.
AI000105,S009677,HIST481,Principles of History,Dr. Reginald Robinson,2025-01-08,Duplicate Submission,Moderate,Pending Review,Faculty member reported a suspected case of duplicate submission in a submitted assignment.
AI000106,S000580,BUS319,Intermediate Business Administration,Dr. Christopher Williams,2025-01-10,Duplicate Submission,Minor,Resolved - Sanction Issued,Dr. Christopher Williams submitted a report alleging duplicate submission in BUS319.
AI000107,S001102,BIO227,Biology Seminar,Dr. Christopher Davis,2025-01-15,Duplicate Submission,Minor,Under Investigation,Faculty member reported a suspected case of duplicate submission in a submitted assignment.
AI000108,S004775,ME295,Mechanical Engineering Fundamentals,Prof. Jill Rhodes,2025-01-17,Fabrication of Data,Minor,Under Investigation,Prof. Jill Rhodes submitted a report alleging fabrication of data in ME295.
AI000109,S005015,ENG173,Topics in English,Dr. Rita Harrell,2025-01-18,Duplicate Submission,Moderate,Under Investigation,Faculty member reported a suspected case of duplicate submission in a submitted assignment.
AI000110,S004239,CS292,Advanced Computer Science,Dr. Robert Johnson,2025-01-18,Contract Cheating,Minor,Resolved - Sanction Issued,A case of contract cheating was flagged via the course's academic integrity review process.
AI000111,S008465,NUR315,Nursing Fundamentals,Prof. Joseph Davidson,2025-01-20,Cheating on Exam,Minor,Resolved - No Violation Found,Faculty member reported a suspected case of cheating on exam in a submitted assignment.
AI000112,S000045,ME258,Topics in Mechanical Engineering,Dr. Mitchell Clark,2025-01-21,Cheating on Exam,Moderate,Resolved - No Violation Found,Student was referred to the Academic Integrity Office for cheating on exam.
AI000113,S002974,CS315,Introduction to Computer Science,Dr. Tasha Valencia,2025-01-23,Unauthorized Materials,Minor,Resolved - Sanction Issued,Student was referred to the Academic Integrity Office for unauthorized materials.
AI000114,S002047,SOC189,Topics in Sociology,Dr. Joseph Wright,2025-01-23,Fabrication of Data,Moderate,Resolved - No Violation Found,"During grading, Dr. Joseph Wright identified indicators consistent with fabrication of data."
AI000115,S001325,BUS390,Advanced Business Administration,Dr. Whitney Hicks,2025-01-25,Unauthorized Collaboration,Minor,Appealed,Dr. Whitney Hicks submitted a report alleging unauthorized collaboration in BUS390.
AI000116,S001864,PSY174,Psychology Seminar,Dr. Joseph Zuniga,2025-01-27,Unauthorized Materials,Moderate,Appealed,A case of unauthorized materials was flagged via the course's academic integrity review process.
AI000117,S007991,HIST321,History Seminar,Dr. Jeremy Roberts,2025-01-28,Unauthorized Collaboration,Minor,Pending Review,A case of unauthorized collaboration was flagged via the course's academic integrity review process.
AI000118,S003872,PHYS180,Physics Fundamentals,Prof. Daniel Graham,2025-01-29,Exam Impersonation,Minor,Under Investigation,"During grading, Prof. Daniel Graham identified indicators consistent with exam impersonation."
AI000119,S008915,SOC276,Introduction to Sociology,Prof. Daniel Graham,2025-01-29,Duplicate Submission,Severe,Pending Review,"During grading, Prof. Daniel Graham identified indicators consistent with duplicate submission."
AI000120,S001183,BIO426,Principles of Biology,Prof. Vincent White,2025-01-30,Cheating on Exam,Moderate,Pending Review,Faculty member reported a suspected case of cheating on exam in a submitted assignment.
AI000121,S001183,SOC338,Advanced Sociology,Dr. Joseph Zuniga,2025-01-30,Unauthorized Use of AI Tools,Serious,Resolved - Sanction Issued,Dr. Joseph Zuniga submitted a report alleging unauthorized use of ai tools in SOC338.
AI000122,S006234,BIO392,Intermediate Biology,Dr. Lisa Smith,2025-01-30,Unauthorized Materials,Serious,Pending Review,Dr. Lisa Smith submitted a report alleging unauthorized materials in BIO392.
AI000123,S006002,HIST421,History Fundamentals,Prof. Craig Ramirez,2025-02-02,Contract Cheating,Minor,Resolved - No Violation Found,A case of contract cheating was flagged via the course's academic integrity review process.
AI000124,S008921,CS392,Computer Science Seminar,Dr. Diana Foster,2025-02-04,Unauthorized Materials,Moderate,Resolved - No Violation Found,Dr. Diana Foster submitted a report alleging unauthorized materials in CS392.
AI000125,S002147,POL208,Intermediate Political Science,Prof. Vincent White,2025-02-05,Exam Impersonation,Serious,Resolved - Sanction Issued,"During grading, Prof. Vincent White identified indicators consistent with exam impersonation."
AI000126,S001655,HIST391,Topics in History,Prof. Jeffrey Lawrence,2025-02-08,Fabrication of Data,Serious,Resolved - No Violation Found,Prof. Jeffrey Lawrence submitted a report alleging fabrication of data in HIST391.
AI000127,S006664,EE464,Electrical Engineering Seminar,Dr. Christopher Davis,2025-02-09,Duplicate Submission,Minor,Resolved - Sanction Issued,"During grading, Dr. Christopher Davis identified indicators consistent with duplicate submission."
AI000128,S008031,MATH332,Advanced Mathematics,Dr. Robert Johnson,2025-02-10,Unauthorized Use of AI Tools,Moderate,Resolved - Sanction Issued,Faculty member reported a suspected case of unauthorized use of ai tools in a submitted assignment.
AI000129,S006624,CS445,Computer Science Fundamentals,Prof. Joseph Davidson,2025-02-12,Fabrication of Data,Minor,Resolved - Sanction Issued,Student was referred to the Academic Integrity Office for fabrication of data.
AI000130,S006147,PSY374,Intermediate Psychology,Prof. Leslie Adams,2025-02-14,Unauthorized Collaboration,Minor,Resolved - Sanction Issued,Student was referred to the Academic Integrity Office for unauthorized collaboration.
AI000131,S001177,BIO231,Biology Seminar,Dr. Frank Gray,2025-02-15,Exam Impersonation,Moderate,Resolved - Sanction Issued,Dr. Frank Gray submitted a report alleging exam impersonation in BIO231.
AI000132,S004582,ECON140,Advanced Economics,Prof. Amanda Dudley,2025-02-15,Plagiarism,Minor,Resolved - No Violation Found,Student was referred to the Academic Integrity Office for plagiarism.
AI000133,S003507,CHEM403,Chemistry Seminar,Prof. Christopher Hall,2025-02-15,Unauthorized Collaboration,Serious,Appealed,A case of unauthorized collaboration was flagged via the course's academic integrity review process.
AI000134,S009103,ME406,Principles of Mechanical Engineering,Prof. Megan Parsons,2025-02-18,Cheating on Exam,Moderate,Pending Review,"During grading, Prof. Megan Parsons identified indicators consistent with cheating on exam."
AI000135,S006889,POL175,Political Science Fundamentals,Dr. Melanie Munoz,2025-02-19,Plagiarism,Moderate,Pending Review,Faculty member reported a suspected case of plagiarism in a submitted assignment.
AI000136,S008071,HIST218,Topics in History,Prof. Jill Rhodes,2025-02-19,Unauthorized Use of AI Tools,Moderate,Resolved - Sanction Issued,A case of unauthorized use of ai tools was flagged via the course's academic integrity review process.
AI000137,S005099,PHYS376,Advanced Physics,Dr. Angela Cohen,2025-02-20,Cheating on Exam,Minor,Resolved - Sanction Issued,A case of cheating on exam was flagged via the course's academic integrity review process.
AI000138,S005115,EE127,Introduction to Electrical Engineering,Dr. Debra Gardner,2025-02-20,Duplicate Submission,Minor,Resolved - Sanction Issued,Dr. Debra Gardner submitted a report alleging duplicate submission in EE127.
AI000139,S008126,EE309,Topics in Electrical Engineering,Prof. Craig Ramirez,2025-02-23,Unauthorized Collaboration,Minor,Under Investigation,"During grading, Prof. Craig Ramirez identified indicators consistent with unauthorized collaboration."
AI000140,S002315,CHEM127,Intermediate Chemistry,Dr. Jeffery Wagner,2025-02-23,Exam Impersonation,Minor,Under Investigation,A case of exam impersonation was flagged via the course's academic integrity review process.
AI000141,S009427,ECON466,Intermediate Economics,Prof. Jeffrey Lawrence,2025-02-23,Duplicate Submission,Severe,Resolved - Sanction Issued,A case of duplicate submission was flagged via the course's academic integrity review process.
AI000142,S007335,HIST147,Introduction to History,Dr. Reginald Robinson,2025-02-25,Unauthorized Collaboration,Moderate,Resolved - Sanction Issued,Dr. Reginald Robinson submitted a report alleging unauthorized collaboration in HIST147.
AI000143,S007616,MATH309,Advanced Mathematics,Dr. Jason Hahn,2025-02-25,Fabrication of Data,Minor,Resolved - No Violation Found,A case of fabrication of data was flagged via the course's academic integrity review process.
AI000144,S002967,BUS368,Advanced Business Administration,Dr. Susan Rogers,2025-02-26,Unauthorized Collaboration,Minor,Resolved - No Violation Found,Student was referred to the Academic Integrity Office for unauthorized collaboration.
AI000145,S006619,BUS264,Intermediate Business Administration,Dr. Lisa Smith,2025-02-27,Plagiarism,Minor,Resolved - Sanction Issued,"During grading, Dr. Lisa Smith identified indicators consistent with plagiarism."
AI000146,S000108,HIST177,Intermediate History,Prof. Alexander Le,2025-03-01,Plagiarism,Serious,Under Investigation,A case of plagiarism was flagged via the course's academic integrity review process.
AI000147,S006646,CS238,Advanced Computer Science,Prof. Megan Parsons,2025-03-01,Exam Impersonation,Moderate,Appealed,Faculty member reported a suspected case of exam impersonation in a submitted assignment.
AI000148,S007361,POL202,Principles of Political Science,Prof. Craig Ramirez,2025-03-03,Duplicate Submission,Minor,Resolved - Sanction Issued,"During grading, Prof. Craig Ramirez identified indicators consistent with duplicate submission."
AI000149,S008335,PSY454,Principles of Psychology,Dr. Lisa Smith,2025-03-03,Contract Cheating,Severe,Resolved - No Violation Found,Student was referred to the Academic Integrity Office for contract cheating.
AI000150,S003066,EE479,Advanced Electrical Engineering,Dr. Lisa Smith,2025-03-04,Plagiarism,Serious,Resolved - No Violation Found,Faculty member reported a suspected case of plagiarism in a submitted assignment.
AI000151,S003785,ENG137,English Seminar,Prof. Erin Herrera,2025-03-06,Duplicate Submission,Minor,Under Investigation,Prof. Erin Herrera submitted a report alleging duplicate submission in ENG137.
AI000152,S008669,NUR444,Nursing Seminar,Dr. Jeremy Roberts,2025-03-09,Plagiarism,Moderate,Resolved - No Violation Found,A case of plagiarism was flagged via the course's academic integrity review process.
AI000153,S005728,NUR264,Advanced Nursing,Dr. Joseph Zuniga,2025-03-10,Unauthorized Materials,Moderate,Resolved - Sanction Issued,Dr. Joseph Zuniga submitted a report alleging unauthorized materials in NUR264.
AI000154,S008077,BIO423,Biology Seminar,Prof. Erin Herrera,2025-03-10,Contract Cheating,Moderate,Resolved - Sanction Issued,Student was referred to the Academic Integrity Office for contract cheating.
AI000155,S001669,PSY482,Topics in Psychology,Dr. Whitney Hicks,2025-03-11,Fabrication of Data,Serious,Resolved - Sanction Issued,Student was referred to the Academic Integrity Office for fabrication of data.
AI000156,S001018,ECON388,Topics in Economics,Dr. Reginald Robinson,2025-03-13,Duplicate Submission,Serious,Under Investigation,Dr. Reginald Robinson submitted a report alleging duplicate submission in ECON388.
AI000157,S002270,BUS443,Business Administration Fundamentals,Prof. Jill Rhodes,2025-03-15,Unauthorized Materials,Minor,Under Investigation,Faculty member reported a suspected case of unauthorized materials in a submitted assignment.
AI000158,S005112,BIO462,Intermediate Biology,Prof. Kenneth Fowler,2025-03-15,Unauthorized Materials,Moderate,Appealed,Prof. Kenneth Fowler submitted a report alleging unauthorized materials in BIO462.
AI000159,S000974,PSY488,Advanced Psychology,Dr. Anthony Gonzalez,2025-03-16,Unauthorized Use of AI Tools,Minor,Resolved - No Violation Found,A case of unauthorized use of ai tools was flagged via the course's academic integrity review process.
AI000160,S003186,BUS341,Topics in Business Administration,Prof. Craig Ramirez,2025-03-17,Unauthorized Collaboration,Serious,Resolved - Sanction Issued,Student was referred to the Academic Integrity Office for unauthorized collaboration.
AI000161,S003746,MATH276,Mathematics Fundamentals,Prof. Amanda Dudley,2025-03-17,Plagiarism,Moderate,Resolved - Sanction Issued,"During grading, Prof. Amanda Dudley identified indicators consistent with plagiarism."
AI000162,S004010,ENG118,English Seminar,Dr. Robert Johnson,2025-03-19,Exam Impersonation,Moderate,Resolved - Sanction Issued,"During grading, Dr. Robert Johnson identified indicators consistent with exam impersonation."
AI000163,S003066,SOC215,Advanced Sociology,Dr. George Daniel,2025-03-20,Exam Impersonation,Minor,Under Investigation,Faculty member reported a suspected case of exam impersonation in a submitted assignment.
AI000164,S001936,CS392,Intermediate Computer Science,Prof. Megan Parsons,2025-03-21,Plagiarism,Moderate,Under Investigation,A case of plagiarism was flagged via the course's academic integrity review process.
AI000165,S009114,ECON125,Economics Seminar,Dr. Diana Foster,2025-03-23,Duplicate Submission,Minor,Resolved - Sanction Issued,Student was referred to the Academic Integrity Office for duplicate submission.
AI000166,S006274,POL307,Introduction to Political Science,Prof. Anna Baker,2025-03-25,Exam Impersonation,Minor,Resolved - Sanction Issued,Student was referred to the Academic Integrity Office for exam impersonation.
AI000167,S002931,ECON366,Introduction to Economics,Dr. Linda Wolfe,2025-03-27,Plagiarism,Minor,Under Investigation,Dr. Linda Wolfe submitted a report alleging plagiarism in ECON366.
AI000168,S002270,PHYS437,Advanced Physics,Dr. Tasha Valencia,2025-03-28,Contract Cheating,Severe,Resolved - No Violation Found,Student was referred to the Academic Integrity Office for contract cheating.
AI000169,S002277,POL273,Principles of Political Science,Dr. Anthony Gonzalez,2025-03-31,Duplicate Submission,Moderate,Resolved - Sanction Issued,"During grading, Dr. Anthony Gonzalez identified indicators consistent with duplicate submission."
AI000170,S006548,PHYS466,Physics Seminar,Prof. Christopher Hall,2025-04-01,Unauthorized Materials,Minor,Resolved - Sanction Issued,Prof. Christopher Hall submitted a report alleging unauthorized materials in PHYS466.
AI000171,S000467,PSY208,Introduction to Psychology,Dr. Danielle Johnson,2025-04-02,Unauthorized Collaboration,Moderate,Resolved - Sanction Issued,Faculty member reported a suspected case of unauthorized collaboration in a submitted assignment.
AI000172,S004393,ECON219,Intermediate Economics,Prof. Alexander Le,2025-04-03,Unauthorized Materials,Minor,Resolved - No Violation Found,Prof. Alexander Le submitted a report alleging unauthorized materials in ECON219.
AI000173,S001060,MATH102,Introduction to Mathematics,Dr. Susan Rogers,2025-04-08,Exam Impersonation,Moderate,Resolved - No Violation Found,Dr. Susan Rogers submitted a report alleging exam impersonation in MATH102.
AI000174,S009532,ENG435,Advanced English,Dr. Jeremy Roberts,2025-04-09,Duplicate Submission,Serious,Resolved - No Violation Found,Faculty member reported a suspected case of duplicate submission in a submitted assignment.
AI000175,S006752,NUR154,Introduction to Nursing,Prof. Kenneth Fowler,2025-04-09,Duplicate Submission,Minor,Appealed,Faculty member reported a suspected case of duplicate submission in a submitted assignment.
AI000176,S009809,BIO243,Introduction to Biology,Prof. Joseph Davidson,2025-04-10,Exam Impersonation,Moderate,Under Investigation,"During grading, Prof. Joseph Davidson identified indicators consistent with exam impersonation."
AI000177,S000317,POL213,Political Science Fundamentals,Dr. Lindsay Blair,2025-04-10,Unauthorized Materials,Moderate,Resolved - Sanction Issued,A case of unauthorized materials was flagged via the course's academic integrity review process.
AI000178,S001562,CS130,Computer Science Fundamentals,Dr. Danielle Johnson,2025-04-11,Unauthorized Collaboration,Serious,Resolved - Sanction Issued,Dr. Danielle Johnson submitted a report alleging unauthorized collaboration in CS130.
AI000179,S000465,PHYS190,Advanced Physics,Prof. Brenda Hurst,2025-04-15,Plagiarism,Minor,Resolved - No Violation Found,"During grading, Prof. Brenda Hurst identified indicators consistent with plagiarism."
AI000180,S007201,ME165,Introduction to Mechanical Engineering,Dr. Janet Williams,2025-04-18,Exam Impersonation,Moderate,Under Investigation,Student was referred to the Academic Integrity Office for exam impersonation.
AI000181,S001430,PSY338,Principles of Psychology,Prof. Christopher Hall,2025-04-19,Exam Impersonation,Minor,Pending Review,Student was referred to the Academic Integrity Office for exam impersonation.
AI000182,S005290,EE353,Intermediate Electrical Engineering,Dr. Jeffery Wagner,2025-04-20,Plagiarism,Serious,Under Investigation,Student was referred to the Academic Integrity Office for plagiarism.
AI000183,S006375,BIO453,Biology Fundamentals,Dr. Wendy Rice,2025-04-21,Plagiarism,Moderate,Resolved - Sanction Issued,A case of plagiarism was flagged via the course's academic integrity review process.
AI000184,S003652,CHEM272,Principles of Chemistry,Dr. Rita Harrell,2025-04-21,Fabrication of Data,Minor,Resolved - Sanction Issued,Dr. Rita Harrell submitted a report alleging fabrication of data in CHEM272.
AI000185,S001655,MATH343,Topics in Mathematics,Dr. Whitney Hicks,2025-04-22,Unauthorized Materials,Serious,Resolved - No Violation Found,"During grading, Dr. Whitney Hicks identified indicators consistent with unauthorized materials."
AI000186,S001299,SOC281,Sociology Seminar,Prof. Robin Ellis,2025-04-24,Unauthorized Materials,Minor,Resolved - Sanction Issued,A case of unauthorized materials was flagged via the course's academic integrity review process.
AI000187,S004926,POL129,Political Science Fundamentals,Dr. Jason Hahn,2025-04-26,Cheating on Exam,Minor,Under Investigation,Faculty member reported a suspected case of cheating on exam in a submitted assignment.
AI000188,S004445,NUR281,Introduction to Nursing,Dr. Linda Wolfe,2025-05-01,Plagiarism,Serious,Resolved - Sanction Issued,"During grading, Dr. Linda Wolfe identified indicators consistent with plagiarism."
AI000189,S001896,PSY376,Principles of Psychology,Prof. Erin Herrera,2025-05-03,Duplicate Submission,Severe,Resolved - Sanction Issued,Prof. Erin Herrera submitted a report alleging duplicate submission in PSY376.
AI000190,S000017,POL116,Political Science Seminar,Prof. Laura Henderson,2025-05-04,Unauthorized Materials,Minor,Resolved - Sanction Issued,Student was referred to the Academic Integrity Office for unauthorized materials.
AI000191,S002031,CS246,Computer Science Fundamentals,Dr. Jason Hahn,2025-05-04,Unauthorized Use of AI Tools,Moderate,Pending Review,Student was referred to the Academic Integrity Office for unauthorized use of ai tools.
AI000192,S003409,CS387,Computer Science Fundamentals,Prof. Laura Henderson,2025-05-06,Contract Cheating,Serious,Resolved - No Violation Found,Faculty member reported a suspected case of contract cheating in a submitted assignment.
AI000193,S007929,BIO165,Biology Seminar,Prof. Veronica Bowman,2025-05-06,Unauthorized Materials,Severe,Appealed,Faculty member reported a suspected case of unauthorized materials in a submitted assignment.
AI000194,S000331,BIO386,Topics in Biology,Dr. Debra Gardner,2025-05-07,Fabrication of Data,Serious,Resolved - Sanction Issued,Student was referred to the Academic Integrity Office for fabrication of data.
AI000195,S001204,SOC115,Advanced Sociology,Prof. Jeremy Johnson,2025-05-07,Unauthorized Collaboration,Moderate,Resolved - Sanction Issued,"During grading, Prof. Jeremy Johnson identified indicators consistent with unauthorized collaboration."
AI000196,S000414,ENG333,Advanced English,Prof. Megan Parsons,2025-05-07,Cheating on Exam,Minor,Resolved - Sanction Issued,Student was referred to the Academic Integrity Office for cheating on exam.
AI000197,S003893,SOC322,Sociology Seminar,Prof. Nancy Edwards,2025-05-11,Unauthorized Collaboration,Serious,Resolved - Sanction Issued,Student was referred to the Academic Integrity Office for unauthorized collaboration.
AI000198,S004366,CHEM231,Introduction to Chemistry,Dr. Jeffery Wagner,2025-05-12,Exam Impersonation,Moderate,Resolved - Sanction Issued,Dr. Jeffery Wagner submitted a report alleging exam impersonation in CHEM231.
AI000199,S007254,ENG295,Introduction to English,Dr. Jason Hahn,2025-05-13,Exam Impersonation,Minor,Under Investigation,"During grading, Dr. Jason Hahn identified indicators consistent with exam impersonation."
AI000200,S009058,CHEM281,Principles of Chemistry,Dr. Bryan James,2025-05-18,Unauthorized Materials,Serious,Pending Review,Dr. Bryan James submitted a report alleging unauthorized materials in CHEM281.
AI000201,S001729,BUS207,Business Administration Fundamentals,Dr. Wendy Rice,2025-05-20,Unauthorized Use of AI Tools,Severe,Resolved - Sanction Issued,Faculty member reported a suspected case of unauthorized use of ai tools in a submitted assignment.
AI000202,S008921,HIST201,Advanced History,Prof. Vincent White,2025-05-21,Plagiarism,Serious,Resolved - Sanction Issued,Prof. Vincent White submitted a report alleging plagiarism in HIST201.
AI000203,S004040,SOC291,Sociology Fundamentals,Prof. Jeffrey Lawrence,2025-05-23,Unauthorized Materials,Moderate,Resolved - No Violation Found,"During grading, Prof. Jeffrey Lawrence identified indicators consistent with unauthorized materials."
AI000204,S006014,SOC448,Introduction to Sociology,Prof. Maria Montgomery,2025-05-24,Exam Impersonation,Moderate,Pending Review,Faculty member reported a suspected case of exam impersonation in a submitted assignment.
AI000205,S009443,ENG268,English Seminar,Dr. Patricia Miller,2025-05-28,Plagiarism,Minor,Resolved - Sanction Issued,Student was referred to the Academic Integrity Office for plagiarism.
AI000206,S008504,EE351,Introduction to Electrical Engineering,Prof. Kenneth Fowler,2025-05-30,Plagiarism,Minor,Resolved - Sanction Issued,Student was referred to the Academic Integrity Office for plagiarism.
AI000207,S005548,ME294,Introduction to Mechanical Engineering,Prof. Robin Ellis,2025-05-31,Plagiarism,Minor,Resolved - No Violation Found,Student was referred to the Academic Integrity Office for plagiarism.
AI000208,S001077,POL358,Introduction to Political Science,Dr. Melanie Munoz,2025-06-06,Duplicate Submission,Serious,Resolved - No Violation Found,"During grading, Dr. Melanie Munoz identified indicators consistent with duplicate submission."
AI000209,S006063,POL459,Political Science Seminar,Prof. Daniel Graham,2025-06-07,Contract Cheating,Moderate,Appealed,Faculty member reported a suspected case of contract cheating in a submitted assignment.
AI000210,S007625,POL458,Political Science Seminar,Dr. Susan Rogers,2025-06-10,Plagiarism,Minor,Resolved - Sanction Issued,"During grading, Dr. Susan Rogers identified indicators consistent with plagiarism."
AI000211,S003619,BIO138,Biology Fundamentals,Dr. George Daniel,2025-06-13,Exam Impersonation,Moderate,Pending Review,Student was referred to the Academic Integrity Office for exam impersonation.
AI000212,S007533,CS268,Topics in Computer Science,Dr. Susan Rogers,2025-06-13,Unauthorized Collaboration,Serious,Appealed,Faculty member reported a suspected case of unauthorized collaboration in a submitted assignment.
AI000213,S001918,ME236,Intermediate Mechanical Engineering,Prof. Daniel Graham,2025-06-15,Plagiarism,Moderate,Pending Review,A case of plagiarism was flagged via the course's academic integrity review process.
AI000214,S009224,EE385,Introduction to Electrical Engineering,Dr. Susan Rogers,2025-06-19,Unauthorized Materials,Moderate,Resolved - No Violation Found,"During grading, Dr. Susan Rogers identified indicators consistent with unauthorized materials."
AI000215,S008711,ENG246,English Fundamentals,Prof. Jeremy Johnson,2025-06-20,Unauthorized Use of AI Tools,Serious,Resolved - Sanction Issued,"During grading, Prof. Jeremy Johnson identified indicators consistent with unauthorized use of ai tools."
AI000216,S000414,HIST153,History Fundamentals,Dr. Linda Wolfe,2025-06-21,Cheating on Exam,Minor,Pending Review,Dr. Linda Wolfe submitted a report alleging cheating on exam in HIST153.
AI000217,S000465,PSY212,Principles of Psychology,Dr. Danielle Johnson,2025-06-23,Cheating on Exam,Minor,Appealed,Dr. Danielle Johnson submitted a report alleging cheating on exam in PSY212.
AI000218,S004099,ECON385,Economics Seminar,Prof. Robin Ellis,2025-06-25,Unauthorized Use of AI Tools,Severe,Pending Review,Student was referred to the Academic Integrity Office for unauthorized use of ai tools.
AI000219,S002611,CS297,Topics in Computer Science,Dr. Janet Williams,2025-06-28,Cheating on Exam,Serious,Under Investigation,A case of cheating on exam was flagged via the course's academic integrity review process.
AI000220,S009058,ME390,Introduction to Mechanical Engineering,Dr. Wendy Rice,2025-06-30,Unauthorized Collaboration,Moderate,Resolved - Sanction Issued,Student was referred to the Academic Integrity Office for unauthorized collaboration.
AI000221,S007289,CS388,Advanced Computer Science,Prof. Craig Ramirez,2025-07-03,Exam Impersonation,Moderate,Under Investigation,Faculty member reported a suspected case of exam impersonation in a submitted assignment.
AI000222,S006635,HIST304,Advanced History,Dr. Christopher Davis,2025-07-03,Contract Cheating,Severe,Resolved - Sanction Issued,Student was referred to the Academic Integrity Office for contract cheating.
AI000223,S008046,HIST287,Principles of History,Dr. Lisa Smith,2025-07-05,Exam Impersonation,Moderate,Pending Review,A case of exam impersonation was flagged via the course's academic integrity review process.
AI000224,S006545,ME226,Introduction to Mechanical Engineering,Dr. Susan Rogers,2025-07-08,Contract Cheating,Minor,Resolved - Sanction Issued,A case of contract cheating was flagged via the course's academic integrity review process.
AI000225,S001502,BUS307,Principles of Business Administration,Prof. Nancy Baker,2025-07-09,Fabrication of Data,Moderate,Appealed,Faculty member reported a suspected case of fabrication of data in a submitted assignment.
AI000226,S004843,BUS389,Advanced Business Administration,Dr. Anthony Gonzalez,2025-07-09,Cheating on Exam,Serious,Resolved - Sanction Issued,A case of cheating on exam was flagged via the course's academic integrity review process.
AI000227,S000016,POL128,Topics in Political Science,Prof. Brenda Hurst,2025-07-09,Duplicate Submission,Minor,Pending Review,"During grading, Prof. Brenda Hurst identified indicators consistent with duplicate submission."
AI000228,S005338,ENG490,Advanced English,Dr. Patricia Miller,2025-07-10,Plagiarism,Moderate,Under Investigation,A case of plagiarism was flagged via the course's academic integrity review process.
AI000229,S007024,ENG190,English Seminar,Dr. Shawn Mckay,2025-07-11,Exam Impersonation,Minor,Resolved - Sanction Issued,"During grading, Dr. Shawn Mckay identified indicators consistent with exam impersonation."
AI000230,S007591,EE239,Introduction to Electrical Engineering,Dr. Patricia Miller,2025-07-13,Exam Impersonation,Serious,Under Investigation,"During grading, Dr. Patricia Miller identified indicators consistent with exam impersonation."
AI000231,S004619,BIO242,Advanced Biology,Dr. Christopher Williams,2025-07-15,Unauthorized Materials,Minor,Resolved - Sanction Issued,Dr. Christopher Williams submitted a report alleging unauthorized materials in BIO242.
AI000232,S001587,BUS484,Advanced Business Administration,Prof. Deborah Lynch,2025-07-15,Exam Impersonation,Moderate,Under Investigation,Faculty member reported a suspected case of exam impersonation in a submitted assignment.
AI000233,S008846,MATH369,Mathematics Fundamentals,Dr. Diana Foster,2025-07-16,Unauthorized Collaboration,Minor,Resolved - Sanction Issued,"During grading, Dr. Diana Foster identified indicators consistent with unauthorized collaboration."
AI000234,S009134,CS101,Introduction to Computer Science,Dr. Wendy Rice,2025-07-16,Fabrication of Data,Moderate,Pending Review,Faculty member reported a suspected case of fabrication of data in a submitted assignment.
AI000235,S007542,BUS178,Topics in Business Administration,Dr. Wendy Rice,2025-07-17,Unauthorized Materials,Moderate,Resolved - Sanction Issued,A case of unauthorized materials was flagged via the course's academic integrity review process.
AI000236,S008739,HIST334,Principles of History,Dr. Joshua Walker,2025-07-23,Unauthorized Materials,Minor,Resolved - Sanction Issued,Dr. Joshua Walker submitted a report alleging unauthorized materials in HIST334.
AI000237,S001655,BIO371,Biology Fundamentals,Prof. Michelle Ray,2025-07-27,Cheating on Exam,Minor,Pending Review,"During grading, Prof. Michelle Ray identified indicators consistent with cheating on exam."
AI000238,S009400,PHYS103,Physics Fundamentals,Prof. Cynthia Diaz,2025-07-28,Unauthorized Materials,Minor,Resolved - Sanction Issued,A case of unauthorized materials was flagged via the course's academic integrity review process.
AI000239,S002302,BUS417,Business Administration Seminar,Prof. Craig Ramirez,2025-07-28,Contract Cheating,Moderate,Resolved - Sanction Issued,A case of contract cheating was flagged via the course's academic integrity review process.
AI000240,S007059,HIST432,Intermediate History,Dr. Chelsea Hernandez,2025-07-29,Cheating on Exam,Minor,Resolved - Sanction Issued,Faculty member reported a suspected case of cheating on exam in a submitted assignment.
AI000241,S006393,PHYS345,Topics in Physics,Dr. Janet Williams,2025-08-01,Plagiarism,Minor,Resolved - Sanction Issued,Faculty member reported a suspected case of plagiarism in a submitted assignment.
AI000242,S002241,ENG489,Advanced English,Prof. Leslie Adams,2025-08-02,Fabrication of Data,Serious,Resolved - Sanction Issued,Student was referred to the Academic Integrity Office for fabrication of data.
AI000243,S000917,SOC128,Topics in Sociology,Dr. Joseph Zuniga,2025-08-04,Unauthorized Use of AI Tools,Minor,Resolved - Sanction Issued,"During grading, Dr. Joseph Zuniga identified indicators consistent with unauthorized use of ai tools."
AI000244,S003980,HIST169,History Fundamentals,Dr. Frank Gray,2025-08-10,Unauthorized Use of AI Tools,Moderate,Resolved - Sanction Issued,Student was referred to the Academic Integrity Office for unauthorized use of ai tools.
AI000245,S003507,POL104,Advanced Political Science,Dr. Jeremy Roberts,2025-08-11,Unauthorized Materials,Moderate,Resolved - Sanction Issued,Student was referred to the Academic Integrity Office for unauthorized materials.
AI000246,S002273,HIST134,Topics in History,Dr. Joseph Zuniga,2025-08-13,Contract Cheating,Minor,Resolved - Sanction Issued,Dr. Joseph Zuniga submitted a report alleging contract cheating in HIST134.
AI000247,S006549,ME152,Intermediate Mechanical Engineering,Prof. Nancy Edwards,2025-08-17,Unauthorized Collaboration,Moderate,Resolved - No Violation Found,A case of unauthorized collaboration was flagged via the course's academic integrity review process.
AI000248,S007012,BUS443,Intermediate Business Administration,Dr. Christopher Davis,2025-08-23,Exam Impersonation,Moderate,Resolved - Sanction Issued,Faculty member reported a suspected case of exam impersonation in a submitted assignment.
AI000249,S008349,CS460,Computer Science Fundamentals,Dr. Mitchell Clark,2025-08-30,Plagiarism,Moderate,Resolved - Sanction Issued,A case of plagiarism was flagged via the course's academic integrity review process.
AI000250,S007478,SOC204,Sociology Fundamentals,Dr. Bryan James,2025-09-02,Exam Impersonation,Moderate,Under Investigation,Dr. Bryan James submitted a report alleging exam impersonation in SOC204.
AI000251,S008940,ENG193,English Seminar,Dr. Diana Foster,2025-09-03,Unauthorized Use of AI Tools,Serious,Resolved - Sanction Issued,A case of unauthorized use of ai tools was flagged via the course's academic integrity review process.
AI000252,S004760,BIO317,Topics in Biology,Prof. Joseph Davidson,2025-09-03,Contract Cheating,Moderate,Resolved - Sanction Issued,Faculty member reported a suspected case of contract cheating in a submitted assignment.
AI000253,S000414,ECON108,Introduction to Economics,Prof. Leslie Adams,2025-09-05,Cheating on Exam,Moderate,Appealed,Prof. Leslie Adams submitted a report alleging cheating on exam in ECON108.
AI000254,S004020,SOC254,Sociology Seminar,Prof. Veronica Bowman,2025-09-12,Unauthorized Materials,Minor,Resolved - Sanction Issued,"During grading, Prof. Veronica Bowman identified indicators consistent with unauthorized materials."
AI000255,S006993,BIO175,Biology Fundamentals,Dr. Jeffery Wagner,2025-09-16,Unauthorized Use of AI Tools,Minor,Resolved - Sanction Issued,Dr. Jeffery Wagner submitted a report alleging unauthorized use of ai tools in BIO175.
AI000256,S005115,CHEM496,Chemistry Fundamentals,Prof. Nancy Baker,2025-09-19,Unauthorized Use of AI Tools,Moderate,Resolved - No Violation Found,Student was referred to the Academic Integrity Office for unauthorized use of ai tools.
AI000257,S003507,CS269,Introduction to Computer Science,Dr. Daniel Burton,2025-09-19,Unauthorized Collaboration,Serious,Resolved - Sanction Issued,Faculty member reported a suspected case of unauthorized collaboration in a submitted assignment.
AI000258,S001994,NUR327,Introduction to Nursing,Prof. Robin Ellis,2025-09-20,Exam Impersonation,Moderate,Under Investigation,Prof. Robin Ellis submitted a report alleging exam impersonation in NUR327.
AI000259,S009058,NUR221,Advanced Nursing,Prof. Anna Baker,2025-09-20,Contract Cheating,Moderate,Under Investigation,A case of contract cheating was flagged via the course's academic integrity review process.
AI000260,S001655,HIST104,Topics in History,Dr. Mitchell Clark,2025-09-21,Unauthorized Use of AI Tools,Minor,Resolved - Sanction Issued,Faculty member reported a suspected case of unauthorized use of ai tools in a submitted assignment.
AI000261,S004802,PSY416,Introduction to Psychology,Dr. Tasha Valencia,2025-09-21,Fabrication of Data,Serious,Under Investigation,"During grading, Dr. Tasha Valencia identified indicators consistent with fabrication of data."
AI000262,S006788,POL415,Intermediate Political Science,Prof. Anna Baker,2025-09-22,Contract Cheating,Serious,Under Investigation,"During grading, Prof. Anna Baker identified indicators consistent with contract cheating."
AI000263,S002694,ENG487,Introduction to English,Dr. Frank Gray,2025-09-25,Contract Cheating,Moderate,Resolved - Sanction Issued,A case of contract cheating was flagged via the course's academic integrity review process.
AI000264,S005759,BIO484,Topics in Biology,Prof. Nancy Baker,2025-09-26,Plagiarism,Serious,Under Investigation,Faculty member reported a suspected case of plagiarism in a submitted assignment.
AI000265,S005720,POL408,Political Science Fundamentals,Prof. Veronica Bowman,2025-09-27,Unauthorized Collaboration,Serious,Pending Review,Prof. Veronica Bowman submitted a report alleging unauthorized collaboration in POL408.
AI000266,S005700,ME286,Introduction to Mechanical Engineering,Dr. George Daniel,2025-10-01,Exam Impersonation,Moderate,Resolved - Sanction Issued,A case of exam impersonation was flagged via the course's academic integrity review process.
AI000267,S003624,CS265,Intermediate Computer Science,Dr. Jason Hahn,2025-10-04,Exam Impersonation,Severe,Under Investigation,Student was referred to the Academic Integrity Office for exam impersonation.
AI000268,S008554,EE331,Intermediate Electrical Engineering,Dr. Daniel Burton,2025-10-05,Exam Impersonation,Minor,Pending Review,Faculty member reported a suspected case of exam impersonation in a submitted assignment.
AI000269,S009169,PHYS234,Principles of Physics,Dr. Reginald Robinson,2025-10-06,Unauthorized Use of AI Tools,Moderate,Under Investigation,A case of unauthorized use of ai tools was flagged via the course's academic integrity review process.
AI000270,S009431,CHEM144,Topics in Chemistry,Dr. Daniel Burton,2025-10-07,Unauthorized Use of AI Tools,Moderate,Resolved - Sanction Issued,Dr. Daniel Burton submitted a report alleging unauthorized use of ai tools in CHEM144.
AI000271,S009711,HIST251,Advanced History,Dr. Robert Johnson,2025-10-07,Unauthorized Collaboration,Serious,Resolved - No Violation Found,A case of unauthorized collaboration was flagged via the course's academic integrity review process.
AI000272,S004605,POL108,Topics in Political Science,Prof. Michelle Ray,2025-10-09,Unauthorized Use of AI Tools,Moderate,Under Investigation,Prof. Michelle Ray submitted a report alleging unauthorized use of ai tools in POL108.
AI000273,S002079,ECON198,Economics Seminar,Dr. Susan Rogers,2025-10-10,Plagiarism,Moderate,Resolved - Sanction Issued,Faculty member reported a suspected case of plagiarism in a submitted assignment.
AI000274,S005136,BIO132,Biology Seminar,Prof. Anna Baker,2025-10-11,Cheating on Exam,Moderate,Resolved - Sanction Issued,Student was referred to the Academic Integrity Office for cheating on exam.
AI000275,S006711,PSY400,Intermediate Psychology,Prof. Brenda Hurst,2025-10-11,Fabrication of Data,Severe,Resolved - Sanction Issued,Faculty member reported a suspected case of fabrication of data in a submitted assignment.
AI000276,S000029,CHEM160,Principles of Chemistry,Dr. Danielle Johnson,2025-10-11,Fabrication of Data,Moderate,Resolved - Sanction Issued,Student was referred to the Academic Integrity Office for fabrication of data.
AI000277,S000554,BUS369,Intermediate Business Administration,Dr. Janet Williams,2025-10-12,Exam Impersonation,Moderate,Resolved - Sanction Issued,Dr. Janet Williams submitted a report alleging exam impersonation in BUS369.
AI000278,S006715,BIO136,Introduction to Biology,Prof. Robin Ellis,2025-10-12,Cheating on Exam,Minor,Under Investigation,Student was referred to the Academic Integrity Office for cheating on exam.
AI000279,S000663,BUS266,Intermediate Business Administration,Prof. Nancy Baker,2025-10-16,Fabrication of Data,Severe,Resolved - No Violation Found,Student was referred to the Academic Integrity Office for fabrication of data.
AI000280,S005316,SOC181,Sociology Seminar,Prof. Brenda Hurst,2025-10-18,Duplicate Submission,Minor,Resolved - No Violation Found,Faculty member reported a suspected case of duplicate submission in a submitted assignment.
AI000281,S005948,PHYS188,Physics Fundamentals,Dr. Christopher Davis,2025-10-18,Unauthorized Collaboration,Moderate,Appealed,A case of unauthorized collaboration was flagged via the course's academic integrity review process.
AI000282,S008006,SOC364,Intermediate Sociology,Dr. Rita Harrell,2025-10-18,Unauthorized Collaboration,Moderate,Resolved - Sanction Issued,Faculty member reported a suspected case of unauthorized collaboration in a submitted assignment.
AI000283,S007592,BUS397,Topics in Business Administration,Dr. Jason Hahn,2025-10-21,Contract Cheating,Minor,Under Investigation,Dr. Jason Hahn submitted a report alleging contract cheating in BUS397.
AI000284,S002202,EE443,Advanced Electrical Engineering,Prof. Leslie Adams,2025-10-21,Fabrication of Data,Serious,Resolved - Sanction Issued,"During grading, Prof. Leslie Adams identified indicators consistent with fabrication of data."
AI000285,S000058,PHYS382,Physics Fundamentals,Prof. Anna Baker,2025-10-21,Unauthorized Materials,Minor,Under Investigation,Faculty member reported a suspected case of unauthorized materials in a submitted assignment.
AI000286,S001449,EE260,Principles of Electrical Engineering,Dr. Matthew Moore,2025-10-22,Fabrication of Data,Serious,Resolved - No Violation Found,Student was referred to the Academic Integrity Office for fabrication of data.
AI000287,S007065,SOC432,Sociology Fundamentals,Dr. Danielle Johnson,2025-10-23,Contract Cheating,Serious,Resolved - Sanction Issued,Faculty member reported a suspected case of contract cheating in a submitted assignment.
AI000288,S004884,HIST195,Introduction to History,Dr. Linda Wolfe,2025-10-23,Unauthorized Materials,Moderate,Resolved - Sanction Issued,A case of unauthorized materials was flagged via the course's academic integrity review process.
AI000289,S003101,EE411,Principles of Electrical Engineering,Prof. Deborah Lynch,2025-10-24,Exam Impersonation,Minor,Under Investigation,Student was referred to the Academic Integrity Office for exam impersonation.
AI000290,S000965,CHEM318,Topics in Chemistry,Prof. Veronica Bowman,2025-10-25,Unauthorized Use of AI Tools,Moderate,Resolved - Sanction Issued,Prof. Veronica Bowman submitted a report alleging unauthorized use of ai tools in CHEM318.
AI000291,S007760,PSY415,Advanced Psychology,Prof. Deborah Lynch,2025-10-26,Cheating on Exam,Minor,Pending Review,Student was referred to the Academic Integrity Office for cheating on exam.
AI000292,S002667,PSY232,Principles of Psychology,Prof. Erin Herrera,2025-10-26,Unauthorized Use of AI Tools,Minor,Appealed,A case of unauthorized use of ai tools was flagged via the course's academic integrity review process.
AI000293,S001266,ME448,Principles of Mechanical Engineering,Dr. Diana Foster,2025-11-01,Unauthorized Use of AI Tools,Moderate,Resolved - Sanction Issued,Dr. Diana Foster submitted a report alleging unauthorized use of ai tools in ME448.
AI000294,S008304,POL207,Political Science Fundamentals,Prof. Jeremy Johnson,2025-11-02,Duplicate Submission,Minor,Appealed,Faculty member reported a suspected case of duplicate submission in a submitted assignment.
AI000295,S005720,BUS436,Introduction to Business Administration,Dr. Tasha Valencia,2025-11-06,Exam Impersonation,Serious,Resolved - No Violation Found,Student was referred to the Academic Integrity Office for exam impersonation.
AI000296,S001286,CS267,Computer Science Seminar,Dr. Daniel Burton,2025-11-07,Unauthorized Collaboration,Moderate,Resolved - No Violation Found,A case of unauthorized collaboration was flagged via the course's academic integrity review process.
AI000297,S008743,PHYS294,Introduction to Physics,Dr. Patricia Miller,2025-11-10,Unauthorized Collaboration,Minor,Resolved - Sanction Issued,Student was referred to the Academic Integrity Office for unauthorized collaboration.
AI000298,S001870,ME228,Mechanical Engineering Fundamentals,Dr. Matthew Moore,2025-11-13,Exam Impersonation,Minor,Appealed,Dr. Matthew Moore submitted a report alleging exam impersonation in ME228.
AI000299,S005715,MATH401,Mathematics Fundamentals,Prof. Daniel Graham,2025-11-14,Plagiarism,Minor,Resolved - No Violation Found,Prof. Daniel Graham submitted a report alleging plagiarism in MATH401.
AI000300,S009755,SOC235,Introduction to Sociology,Prof. Veronica Bowman,2025-11-16,Cheating on Exam,Minor,Resolved - Sanction Issued,A case of cheating on exam was flagged via the course's academic integrity review process.
AI000301,S000604,ME156,Principles of Mechanical Engineering,Prof. Amanda Dudley,2025-11-19,Duplicate Submission,Serious,Resolved - Sanction Issued,Student was referred to the Academic Integrity Office for duplicate submission.
AI000302,S003651,MATH109,Advanced Mathematics,Dr. Jeffery Wagner,2025-11-20,Fabrication of Data,Minor,Resolved - Sanction Issued,A case of fabrication of data was flagged via the course's academic integrity review process.
AI000303,S002808,CHEM149,Chemistry Seminar,Prof. Erin Herrera,2025-11-20,Contract Cheating,Minor,Resolved - Sanction Issued,Student was referred to the Academic Integrity Office for contract cheating.
AI000304,S000331,CHEM101,Principles of Chemistry,Prof. Cynthia Diaz,2025-11-25,Unauthorized Materials,Minor,Resolved - Sanction Issued,A case of unauthorized materials was flagged via the course's academic integrity review process.
AI000305,S000317,BIO102,Topics in Biology,Dr. Jeremy Roberts,2025-12-01,Exam Impersonation,Minor,Under Investigation,Student was referred to the Academic Integrity Office for exam impersonation.
AI000306,S000457,BUS364,Topics in Business Administration,Dr. Lindsay Blair,2025-12-02,Duplicate Submission,Minor,Appealed,"During grading, Dr. Lindsay Blair identified indicators consistent with duplicate submission."
AI000307,S005771,BUS201,Business Administration Fundamentals,Prof. Michelle Ray,2025-12-02,Duplicate Submission,Minor,Resolved - Sanction Issued,Student was referred to the Academic Integrity Office for duplicate submission.
AI000308,S000556,PHYS349,Principles of Physics,Dr. Danielle Johnson,2025-12-03,Cheating on Exam,Serious,Under Investigation,A case of cheating on exam was flagged via the course's academic integrity review process.
AI000309,S004108,ME319,Advanced Mechanical Engineering,Dr. Jason Hahn,2025-12-05,Fabrication of Data,Serious,Pending Review,Dr. Jason Hahn submitted a report alleging fabrication of data in ME319.
AI000310,S007842,CHEM240,Chemistry Fundamentals,Prof. Alexander Le,2025-12-05,Unauthorized Use of AI Tools,Minor,Under Investigation,"During grading, Prof. Alexander Le identified indicators consistent with unauthorized use of ai tools."
AI000311,S001936,ENG206,English Seminar,Dr. Susan Rogers,2025-12-05,Exam Impersonation,Serious,Under Investigation,Dr. Susan Rogers submitted a report alleging exam impersonation in ENG206.
AI000312,S003024,MATH457,Introduction to Mathematics,Dr. Diana Foster,2025-12-15,Unauthorized Materials,Moderate,Resolved - Sanction Issued,Student was referred to the Academic Integrity Office for unauthorized materials.
AI000313,S003094,PSY207,Intermediate Psychology,Dr. George Daniel,2025-12-15,Unauthorized Collaboration,Serious,Pending Review,"During grading, Dr. George Daniel identified indicators consistent with unauthorized collaboration."
AI000314,S001551,ENG497,Topics in English,Prof. Alexander Le,2025-12-15,Duplicate Submission,Moderate,Resolved - Sanction Issued,Student was referred to the Academic Integrity Office for duplicate submission.
AI000315,S008940,MATH490,Topics in Mathematics,Dr. Reginald Robinson,2025-12-18,Unauthorized Materials,Minor,Appealed,"During grading, Dr. Reginald Robinson identified indicators consistent with unauthorized materials."
AI000316,S007261,CS303,Computer Science Seminar,Dr. Susan Rogers,2025-12-18,Fabrication of Data,Moderate,Resolved - Sanction Issued,Dr. Susan Rogers submitted a report alleging fabrication of data in CS303.
AI000317,S002459,SOC187,Sociology Fundamentals,Prof. Nancy Baker,2025-12-19,Cheating on Exam,Minor,Pending Review,Faculty member reported a suspected case of cheating on exam in a submitted assignment.
AI000318,S000870,EE185,Principles of Electrical Engineering,Dr. Matthew Moore,2025-12-20,Cheating on Exam,Moderate,Resolved - Sanction Issued,Student was referred to the Academic Integrity Office for cheating on exam.
AI000319,S004072,CHEM219,Chemistry Fundamentals,Dr. Daniel Burton,2025-12-20,Fabrication of Data,Serious,Under Investigation,A case of fabrication of data was flagged via the course's academic integrity review process.
AI000320,S005422,ENG275,Intermediate English,Dr. Christopher Davis,2025-12-23,Duplicate Submission,Serious,Resolved - No Violation Found,Faculty member reported a suspected case of duplicate submission in a submitted assignment.
AI000321,S006544,PSY479,Intermediate Psychology,Dr. Melanie Munoz,2025-12-28,Unauthorized Collaboration,Minor,Pending Review,Faculty member reported a suspected case of unauthorized collaboration in a submitted assignment.
AI000322,S000585,POL260,Political Science Seminar,Dr. George Daniel,2025-12-29,Cheating on Exam,Moderate,Resolved - Sanction Issued,"During grading, Dr. George Daniel identified indicators consistent with cheating on exam."
AI000323,S006711,POL491,Political Science Fundamentals,Dr. Chelsea Hernandez,2026-01-04,Fabrication of Data,Serious,Resolved - Sanction Issued,A case of fabrication of data was flagged via the course's academic integrity review process.
AI000324,S009711,ENG486,Advanced English,Prof. Anna Baker,2026-01-05,Duplicate Submission,Moderate,Pending Review,Student was referred to the Academic Integrity Office for duplicate submission.
AI000325,S005044,EE109,Intermediate Electrical Engineering,Dr. Janet Williams,2026-01-07,Unauthorized Use of AI Tools,Moderate,Pending Review,Faculty member reported a suspected case of unauthorized use of ai tools in a submitted assignment.
AI000326,S007803,ME494,Mechanical Engineering Seminar,Dr. Chelsea Hernandez,2026-01-07,Unauthorized Materials,Moderate,Resolved - Sanction Issued,Dr. Chelsea Hernandez submitted a report alleging unauthorized materials in ME494.
AI000327,S005457,PSY464,Introduction to Psychology,Dr. Lindsay Blair,2026-01-07,Exam Impersonation,Moderate,Resolved - Sanction Issued,"During grading, Dr. Lindsay Blair identified indicators consistent with exam impersonation."
AI000328,S006180,SOC218,Topics in Sociology,Dr. Joshua Walker,2026-01-08,Unauthorized Materials,Moderate,Under Investigation,Faculty member reported a suspected case of unauthorized materials in a submitted assignment.
AI000329,S006817,HIST132,History Seminar,Prof. Vincent White,2026-01-10,Plagiarism,Moderate,Resolved - Sanction Issued,Faculty member reported a suspected case of plagiarism in a submitted assignment.
AI000330,S001936,HIST365,Topics in History,Dr. Joseph Zuniga,2026-01-13,Exam Impersonation,Minor,Resolved - Sanction Issued,Faculty member reported a suspected case of exam impersonation in a submitted assignment.
AI000331,S009867,ME344,Principles of Mechanical Engineering,Prof. Robin Ellis,2026-01-14,Unauthorized Use of AI Tools,Moderate,Pending Review,A case of unauthorized use of ai tools was flagged via the course's academic integrity review process.
AI000332,S001834,POL309,Political Science Seminar,Dr. Bryan James,2026-01-15,Cheating on Exam,Severe,Pending Review,Dr. Bryan James submitted a report alleging cheating on exam in POL309.
AI000333,S001470,HIST335,History Seminar,Prof. Amanda Dudley,2026-01-16,Contract Cheating,Moderate,Resolved - Sanction Issued,Prof. Amanda Dudley submitted a report alleging contract cheating in HIST335.
AI000334,S002240,ECON105,Economics Fundamentals,Dr. Jeffery Wagner,2026-01-17,Duplicate Submission,Serious,Resolved - Sanction Issued,"During grading, Dr. Jeffery Wagner identified indicators consistent with duplicate submission."
AI000335,S001473,PHYS337,Intermediate Physics,Prof. Deborah Lynch,2026-01-17,Unauthorized Collaboration,Moderate,Resolved - No Violation Found,Prof. Deborah Lynch submitted a report alleging unauthorized collaboration in PHYS337.
AI000336,S009427,PSY373,Psychology Fundamentals,Prof. Laura Henderson,2026-01-18,Duplicate Submission,Serious,Pending Review,Faculty member reported a suspected case of duplicate submission in a submitted assignment.
AI000337,S000002,MATH432,Intermediate Mathematics,Prof. Brenda Hurst,2026-01-19,Unauthorized Materials,Severe,Resolved - Sanction Issued,"During grading, Prof. Brenda Hurst identified indicators consistent with unauthorized materials."
AI000338,S007196,MATH181,Mathematics Seminar,Prof. Cynthia Diaz,2026-01-19,Fabrication of Data,Minor,Resolved - Sanction Issued,Prof. Cynthia Diaz submitted a report alleging fabrication of data in MATH181.
AI000339,S002571,POL206,Introduction to Political Science,Dr. Janet Williams,2026-01-22,Contract Cheating,Moderate,Resolved - Sanction Issued,A case of contract cheating was flagged via the course's academic integrity review process.
AI000340,S007123,BIO117,Topics in Biology,Prof. Laura Henderson,2026-01-22,Contract Cheating,Moderate,Resolved - Sanction Issued,A case of contract cheating was flagged via the course's academic integrity review process.
AI000341,S001751,EE362,Topics in Electrical Engineering,Prof. Joseph Davidson,2026-01-22,Exam Impersonation,Moderate,Appealed,"During grading, Prof. Joseph Davidson identified indicators consistent with exam impersonation."
AI000342,S004581,BUS123,Topics in Business Administration,Prof. Jeffrey Lawrence,2026-01-23,Unauthorized Materials,Serious,Resolved - Sanction Issued,Prof. Jeffrey Lawrence submitted a report alleging unauthorized materials in BUS123.
AI000343,S002351,BIO220,Biology Seminar,Prof. Erin Herrera,2026-01-24,Fabrication of Data,Moderate,Pending Review,A case of fabrication of data was flagged via the course's academic integrity review process.
AI000344,S000056,MATH108,Topics in Mathematics,Dr. Whitney Hicks,2026-01-25,Unauthorized Collaboration,Minor,Pending Review,Student was referred to the Academic Integrity Office for unauthorized collaboration.
AI000345,S004027,HIST374,History Seminar,Prof. Brenda Hurst,2026-01-25,Cheating on Exam,Serious,Resolved - Sanction Issued,"During grading, Prof. Brenda Hurst identified indicators consistent with cheating on exam."
AI000346,S005842,PSY477,Introduction to Psychology,Prof. Leslie Adams,2026-01-27,Cheating on Exam,Moderate,Under Investigation,Student was referred to the Academic Integrity Office for cheating on exam.
AI000347,S009427,BUS470,Business Administration Seminar,Dr. Frank Gray,2026-01-29,Unauthorized Collaboration,Severe,Under Investigation,Faculty member reported a suspected case of unauthorized collaboration in a submitted assignment.
AI000348,S005688,ME385,Advanced Mechanical Engineering,Prof. Christopher Hall,2026-01-29,Fabrication of Data,Minor,Resolved - No Violation Found,A case of fabrication of data was flagged via the course's academic integrity review process.
AI000349,S007935,HIST333,Intermediate History,Dr. Christopher Davis,2026-01-29,Plagiarism,Moderate,Resolved - Sanction Issued,Faculty member reported a suspected case of plagiarism in a submitted assignment.
AI000350,S000792,ME389,Mechanical Engineering Seminar,Prof. Joseph Davidson,2026-01-31,Fabrication of Data,Minor,Resolved - Sanction Issued,Faculty member reported a suspected case of fabrication of data in a submitted assignment.
AI000351,S002312,MATH402,Topics in Mathematics,Dr. Bryan James,2026-02-03,Exam Impersonation,Minor,Pending Review,"During grading, Dr. Bryan James identified indicators consistent with exam impersonation."
AI000352,S001473,BIO363,Topics in Biology,Dr. Lindsay Blair,2026-02-04,Duplicate Submission,Severe,Resolved - No Violation Found,"During grading, Dr. Lindsay Blair identified indicators consistent with duplicate submission."
AI000353,S000017,POL198,Principles of Political Science,Dr. Jason Hahn,2026-02-05,Plagiarism,Moderate,Resolved - Sanction Issued,Student was referred to the Academic Integrity Office for plagiarism.
AI000354,S005285,BUS252,Business Administration Fundamentals,Dr. Frank Gray,2026-02-08,Fabrication of Data,Minor,Pending Review,"During grading, Dr. Frank Gray identified indicators consistent with fabrication of data."
AI000355,S006112,ME153,Topics in Mechanical Engineering,Dr. Matthew Moore,2026-02-12,Unauthorized Use of AI Tools,Serious,Resolved - Sanction Issued,Student was referred to the Academic Integrity Office for unauthorized use of ai tools.
AI000356,S005554,CHEM305,Introduction to Chemistry,Dr. Melanie Munoz,2026-02-15,Fabrication of Data,Serious,Resolved - No Violation Found,Student was referred to the Academic Integrity Office for fabrication of data.
AI000357,S003066,POL118,Introduction to Political Science,Prof. Joseph Davidson,2026-02-18,Exam Impersonation,Moderate,Resolved - Sanction Issued,Prof. Joseph Davidson submitted a report alleging exam impersonation in POL118.
AI000358,S006354,BUS476,Intermediate Business Administration,Dr. Christopher Williams,2026-02-18,Unauthorized Materials,Moderate,Resolved - Sanction Issued,"During grading, Dr. Christopher Williams identified indicators consistent with unauthorized materials."
AI000359,S001462,SOC134,Sociology Seminar,Dr. Bryan James,2026-02-21,Unauthorized Materials,Moderate,Resolved - No Violation Found,Student was referred to the Academic Integrity Office for unauthorized materials.
AI000360,S000141,MATH143,Introduction to Mathematics,Dr. Susan Rogers,2026-02-23,Fabrication of Data,Minor,Under Investigation,Faculty member reported a suspected case of fabrication of data in a submitted assignment.
AI000361,S005046,BUS467,Topics in Business Administration,Dr. Joshua Walker,2026-02-28,Cheating on Exam,Moderate,Resolved - No Violation Found,Faculty member reported a suspected case of cheating on exam in a submitted assignment.
AI000362,S006277,BUS320,Principles of Business Administration,Prof. Cynthia Diaz,2026-02-28,Unauthorized Use of AI Tools,Minor,Pending Review,"During grading, Prof. Cynthia Diaz identified indicators consistent with unauthorized use of ai tools."
AI000363,S006644,PSY482,Psychology Fundamentals,Prof. Cynthia Diaz,2026-03-03,Exam Impersonation,Minor,Under Investigation,Prof. Cynthia Diaz submitted a report alleging exam impersonation in PSY482.
AI000364,S004354,PSY263,Introduction to Psychology,Dr. Diana Foster,2026-03-06,Unauthorized Collaboration,Minor,Resolved - Sanction Issued,Student was referred to the Academic Integrity Office for unauthorized collaboration.
AI000365,S004227,CHEM436,Chemistry Fundamentals,Dr. Joseph Wright,2026-03-08,Contract Cheating,Moderate,Resolved - Sanction Issued,A case of contract cheating was flagged via the course's academic integrity review process.
AI000366,S000229,CS106,Principles of Computer Science,Dr. Jeremy Roberts,2026-03-10,Unauthorized Collaboration,Minor,Resolved - Sanction Issued,Dr. Jeremy Roberts submitted a report alleging unauthorized collaboration in CS106.
AI000367,S007059,NUR334,Principles of Nursing,Dr. Daniel Burton,2026-03-11,Duplicate Submission,Minor,Resolved - Sanction Issued,"During grading, Dr. Daniel Burton identified indicators consistent with duplicate submission."
AI000368,S008898,SOC213,Principles of Sociology,Dr. Bryan James,2026-03-14,Unauthorized Materials,Moderate,Resolved - Sanction Issued,Dr. Bryan James submitted a report alleging unauthorized materials in SOC213.
AI000369,S008733,CHEM453,Topics in Chemistry,Prof. Michelle Ray,2026-03-14,Unauthorized Collaboration,Minor,Resolved - Sanction Issued,Prof. Michelle Ray submitted a report alleging unauthorized collaboration in CHEM453.
AI000370,S002208,EE465,Electrical Engineering Seminar,Dr. Patricia Miller,2026-03-17,Cheating on Exam,Serious,Resolved - Sanction Issued,"During grading, Dr. Patricia Miller identified indicators consistent with cheating on exam."
AI000371,S005422,CS250,Computer Science Fundamentals,Dr. Jason Hahn,2026-03-17,Exam Impersonation,Moderate,Resolved - No Violation Found,Faculty member reported a suspected case of exam impersonation in a submitted assignment.
AI000372,S006564,PSY251,Intermediate Psychology,Dr. Melanie Munoz,2026-03-20,Fabrication of Data,Moderate,Resolved - Sanction Issued,Student was referred to the Academic Integrity Office for fabrication of data.
AI000373,S006172,PHYS441,Topics in Physics,Prof. Nancy Edwards,2026-03-22,Unauthorized Materials,Moderate,Resolved - No Violation Found,"During grading, Prof. Nancy Edwards identified indicators consistent with unauthorized materials."
AI000374,S002571,PSY230,Principles of Psychology,Dr. Lisa Smith,2026-03-23,Unauthorized Use of AI Tools,Minor,Pending Review,"During grading, Dr. Lisa Smith identified indicators consistent with unauthorized use of ai tools."
AI000375,S002564,ME430,Topics in Mechanical Engineering,Prof. Maria Montgomery,2026-03-25,Unauthorized Use of AI Tools,Serious,Resolved - Sanction Issued,Prof. Maria Montgomery submitted a report alleging unauthorized use of ai tools in ME430.
AI000376,S001741,SOC194,Sociology Seminar,Dr. Whitney Hicks,2026-03-25,Contract Cheating,Moderate,Resolved - Sanction Issued,"During grading, Dr. Whitney Hicks identified indicators consistent with contract cheating."
AI000377,S009869,HIST374,Advanced History,Dr. Reginald Robinson,2026-03-25,Plagiarism,Minor,Resolved - Sanction Issued,"During grading, Dr. Reginald Robinson identified indicators consistent with plagiarism."
AI000378,S008349,NUR101,Intermediate Nursing,Dr. Daniel Burton,2026-03-26,Duplicate Submission,Minor,Pending Review,"During grading, Dr. Daniel Burton identified indicators consistent with duplicate submission."
AI000379,S003066,PHYS158,Intermediate Physics,Dr. Chelsea Hernandez,2026-03-26,Unauthorized Materials,Serious,Pending Review,A case of unauthorized materials was flagged via the course's academic integrity review process.
AI000380,S002808,CHEM445,Advanced Chemistry,Prof. Veronica Bowman,2026-03-28,Unauthorized Materials,Serious,Resolved - Sanction Issued,Student was referred to the Academic Integrity Office for unauthorized materials.
AI000381,S006141,ME158,Introduction to Mechanical Engineering,Dr. Whitney Hicks,2026-03-30,Contract Cheating,Minor,Pending Review,Student was referred to the Academic Integrity Office for contract cheating.
AI000382,S007867,EE215,Electrical Engineering Seminar,Prof. Craig Ramirez,2026-03-31,Cheating on Exam,Moderate,Resolved - Sanction Issued,A case of cheating on exam was flagged via the course's academic integrity review process.
AI000383,S008298,ME334,Introduction to Mechanical Engineering,Dr. George Daniel,2026-04-01,Unauthorized Collaboration,Minor,Resolved - Sanction Issued,Faculty member reported a suspected case of unauthorized collaboration in a submitted assignment.
AI000384,S001325,EE341,Advanced Electrical Engineering,Prof. Robin Ellis,2026-04-02,Unauthorized Collaboration,Moderate,Resolved - No Violation Found,Student was referred to the Academic Integrity Office for unauthorized collaboration.
AI000385,S000364,PHYS210,Principles of Physics,Dr. Jeffery Wagner,2026-04-09,Contract Cheating,Serious,Resolved - Sanction Issued,Student was referred to the Academic Integrity Office for contract cheating.
AI000386,S001601,NUR148,Intermediate Nursing,Dr. Danielle Johnson,2026-04-10,Contract Cheating,Minor,Under Investigation,Faculty member reported a suspected case of contract cheating in a submitted assignment.
AI000387,S003877,CHEM178,Chemistry Fundamentals,Dr. Patricia Miller,2026-04-10,Duplicate Submission,Minor,Resolved - Sanction Issued,Student was referred to the Academic Integrity Office for duplicate submission.
AI000388,S001893,EE109,Introduction to Electrical Engineering,Dr. Debra Gardner,2026-04-15,Unauthorized Collaboration,Serious,Under Investigation,"During grading, Dr. Debra Gardner identified indicators consistent with unauthorized collaboration."
AI000389,S007883,SOC291,Principles of Sociology,Dr. Melanie Munoz,2026-04-20,Plagiarism,Moderate,Resolved - Sanction Issued,"During grading, Dr. Melanie Munoz identified indicators consistent with plagiarism."
AI000390,S004085,SOC172,Advanced Sociology,Dr. Matthew Moore,2026-04-21,Unauthorized Use of AI Tools,Minor,Resolved - Sanction Issued,Dr. Matthew Moore submitted a report alleging unauthorized use of ai tools in SOC172.
AI000391,S002466,ECON437,Principles of Economics,Dr. Linda Wolfe,2026-04-23,Contract Cheating,Moderate,Resolved - No Violation Found,"During grading, Dr. Linda Wolfe identified indicators consistent with contract cheating."
AI000392,S000796,CS165,Computer Science Fundamentals,Dr. Danielle Johnson,2026-04-23,Contract Cheating,Serious,Under Investigation,"During grading, Dr. Danielle Johnson identified indicators consistent with contract cheating."
AI000393,S005623,BIO464,Principles of Biology,Dr. Anthony Gonzalez,2026-04-26,Exam Impersonation,Minor,Resolved - Sanction Issued,A case of exam impersonation was flagged via the course's academic integrity review process.
AI000394,S008892,MATH171,Principles of Mathematics,Prof. Daniel Graham,2026-04-28,Fabrication of Data,Serious,Pending Review,"During grading, Prof. Daniel Graham identified indicators consistent with fabrication of data."
AI000395,S009297,MATH470,Introduction to Mathematics,Prof. Maria Montgomery,2026-04-28,Contract Cheating,Minor,Resolved - Sanction Issued,Prof. Maria Montgomery submitted a report alleging contract cheating in MATH470.
AI000396,S008479,ME413,Topics in Mechanical Engineering,Dr. Janet Williams,2026-04-28,Unauthorized Collaboration,Minor,Resolved - Sanction Issued,Student was referred to the Academic Integrity Office for unauthorized collaboration.
AI000397,S008191,EE328,Intermediate Electrical Engineering,Prof. Alexander Le,2026-05-01,Plagiarism,Minor,Resolved - Sanction Issued,"During grading, Prof. Alexander Le identified indicators consistent with plagiarism."
AI000398,S000604,CHEM141,Intermediate Chemistry,Prof. Leslie Adams,2026-05-02,Plagiarism,Serious,Resolved - Sanction Issued,Prof. Leslie Adams submitted a report alleging plagiarism in CHEM141.
AI000399,S009292,PHYS441,Intermediate Physics,Prof. Kenneth Fowler,2026-05-03,Contract Cheating,Minor,Resolved - Sanction Issued,Faculty member reported a suspected case of contract cheating in a submitted assignment.
AI000400,S005263,HIST383,Principles of History,Dr. Reginald Robinson,2026-05-06,Plagiarism,Minor,Pending Review,Dr. Reginald Robinson submitted a report alleging plagiarism in HIST383.
AI000401,S006011,PHYS235,Intermediate Physics,Prof. Nancy Edwards,2026-05-07,Exam Impersonation,Serious,Resolved - Sanction Issued,Faculty member reported a suspected case of exam impersonation in a submitted assignment.
AI000402,S004860,SOC185,Intermediate Sociology,Dr. Jason Hahn,2026-05-09,Fabrication of Data,Minor,Resolved - Sanction Issued,A case of fabrication of data was flagged via the course's academic integrity review process.
AI000403,S002495,ME457,Introduction to Mechanical Engineering,Prof. Jeffrey Lawrence,2026-05-16,Contract Cheating,Moderate,Resolved - Sanction Issued,A case of contract cheating was flagged via the course's academic integrity review process.
AI000404,S003412,POL213,Advanced Political Science,Prof. Veronica Bowman,2026-05-16,Unauthorized Use of AI Tools,Moderate,Resolved - Sanction Issued,"During grading, Prof. Veronica Bowman identified indicators consistent with unauthorized use of ai tools."
AI000405,S004865,ECON332,Introduction to Economics,Dr. Danielle Johnson,2026-05-20,Fabrication of Data,Serious,Resolved - No Violation Found,Student was referred to the Academic Integrity Office for fabrication of data.
AI000406,S004316,BIO468,Principles of Biology,Dr. Christopher Williams,2026-05-21,Unauthorized Materials,Moderate,Under Investigation,"During grading, Dr. Christopher Williams identified indicators consistent with unauthorized materials."
AI000407,S001976,POL239,Political Science Fundamentals,Prof. Daniel Graham,2026-05-28,Exam Impersonation,Moderate,Resolved - Sanction Issued,Faculty member reported a suspected case of exam impersonation in a submitted assignment.
AI000408,S008540,SOC250,Intermediate Sociology,Dr. Chelsea Hernandez,2026-05-30,Unauthorized Use of AI Tools,Moderate,Resolved - Sanction Issued,"During grading, Dr. Chelsea Hernandez identified indicators consistent with unauthorized use of ai tools."
AI000409,S006385,ME310,Introduction to Mechanical Engineering,Dr. Whitney Hicks,2026-06-01,Duplicate Submission,Minor,Resolved - No Violation Found,Faculty member reported a suspected case of duplicate submission in a submitted assignment.
AI000410,S005041,MATH196,Principles of Mathematics,Dr. Anthony Gonzalez,2026-06-02,Exam Impersonation,Serious,Resolved - Sanction Issued,A case of exam impersonation was flagged via the course's academic integrity review process.
AI000411,S004052,HIST270,Topics in History,Dr. Anthony Gonzalez,2026-06-04,Duplicate Submission,Minor,Resolved - Sanction Issued,"During grading, Dr. Anthony Gonzalez identified indicators consistent with duplicate submission."
AI000412,S008846,ME396,Mechanical Engineering Seminar,Dr. Lisa Smith,2026-06-06,Duplicate Submission,Minor,Appealed,Faculty member reported a suspected case of duplicate submission in a submitted assignment.
AI000413,S007458,POL430,Political Science Fundamentals,Dr. Danielle Johnson,2026-06-10,Plagiarism,Moderate,Resolved - Sanction Issued,Faculty member reported a suspected case of plagiarism in a submitted assignment.
AI000414,S001325,BIO463,Intermediate Biology,Dr. Diana Foster,2026-06-12,Unauthorized Use of AI Tools,Moderate,Resolved - Sanction Issued,Dr. Diana Foster submitted a report alleging unauthorized use of ai tools in BIO463.
AI000415,S006438,PHYS219,Physics Seminar,Prof. Anna Baker,2026-06-14,Exam Impersonation,Serious,Resolved - No Violation Found,A case of exam impersonation was flagged via the course's academic integrity review process.
AI000416,S004959,BIO474,Biology Fundamentals,Dr. Tasha Valencia,2026-06-20,Duplicate Submission,Minor,Resolved - Sanction Issued,"During grading, Dr. Tasha Valencia identified indicators consistent with duplicate submission."
AI000417,S005544,ENG210,English Seminar,Dr. Christopher Davis,2026-06-21,Unauthorized Use of AI Tools,Moderate,Resolved - No Violation Found,"During grading, Dr. Christopher Davis identified indicators consistent with unauthorized use of ai tools."
AI000418,S006219,PHYS185,Physics Seminar,Dr. Lindsay Blair,2026-06-21,Unauthorized Materials,Moderate,Resolved - Sanction Issued,Faculty member reported a suspected case of unauthorized materials in a submitted assignment.
AI000419,S002580,NUR493,Intermediate Nursing,Prof. Megan Parsons,2026-06-26,Plagiarism,Minor,Pending Review,Student was referred to the Academic Integrity Office for plagiarism.
AI000420,S007514,NUR215,Introduction to Nursing,Dr. Joseph Zuniga,2026-06-27,Fabrication of Data,Serious,Resolved - Sanction Issued,"During grading, Dr. Joseph Zuniga identified indicators consistent with fabrication of data."
AI000421,S009984,HIST128,Introduction to History,Dr. Chelsea Hernandez,2026-06-27,Cheating on Exam,Moderate,Resolved - Sanction Issued,"During grading, Dr. Chelsea Hernandez identified indicators consistent with cheating on exam."
AI000422,S005510,SOC489,Advanced Sociology,Dr. Joseph Zuniga,2026-06-27,Fabrication of Data,Serious,Pending Review,A case of fabrication of data was flagged via the course's academic integrity review process.
AI000423,S003506,EE127,Topics in Electrical Engineering,Dr. Joshua Walker,2026-07-02,Exam Impersonation,Minor,Resolved - Sanction Issued,Dr. Joshua Walker submitted a report alleging exam impersonation in EE127.
AI000424,S004761,BIO445,Advanced Biology,Prof. Veronica Bowman,2026-07-06,Unauthorized Use of AI Tools,Minor,Resolved - Sanction Issued,Student was referred to the Academic Integrity Office for unauthorized use of ai tools.
AI000425,S002530,EE100,Principles of Electrical Engineering,Prof. Brenda Hurst,2026-07-07,Contract Cheating,Serious,Resolved - Sanction Issued,"During grading, Prof. Brenda Hurst identified indicators consistent with contract cheating."
AI000426,S009011,PHYS128,Advanced Physics,Dr. Danielle Johnson,2026-07-07,Duplicate Submission,Serious,Resolved - No Violation Found,Dr. Danielle Johnson submitted a report alleging duplicate submission in PHYS128.
AI000427,S002351,EE109,Electrical Engineering Fundamentals,Dr. Whitney Hicks,2026-07-08,Contract Cheating,Minor,Appealed,"During grading, Dr. Whitney Hicks identified indicators consistent with contract cheating."
AI000428,S001399,MATH275,Topics in Mathematics,Prof. Amanda Dudley,2026-07-14,Unauthorized Use of AI Tools,Moderate,Resolved - Sanction Issued,Prof. Amanda Dudley submitted a report alleging unauthorized use of ai tools in MATH275.
AI000429,S009032,NUR381,Advanced Nursing,Prof. Brenda Hurst,2026-07-17,Plagiarism,Minor,Under Investigation,Student was referred to the Academic Integrity Office for plagiarism.
AI000430,S000856,POL352,Introduction to Political Science,Dr. Frank Gray,2026-07-21,Cheating on Exam,Minor,Resolved - No Violation Found,"During grading, Dr. Frank Gray identified indicators consistent with cheating on exam."
AI000431,S000301,PSY112,Advanced Psychology,Prof. Joseph Davidson,2026-07-22,Plagiarism,Moderate,Under Investigation,"During grading, Prof. Joseph Davidson identified indicators consistent with plagiarism."
AI000432,S006522,POL174,Intermediate Political Science,Prof. Leslie Adams,2026-07-26,Fabrication of Data,Moderate,Resolved - No Violation Found,Faculty member reported a suspected case of fabrication of data in a submitted assignment.
AI000433,S003412,BIO192,Topics in Biology,Prof. Nancy Edwards,2026-07-26,Contract Cheating,Minor,Resolved - Sanction Issued,Student was referred to the Academic Integrity Office for contract cheating.
AI000434,S002332,BUS468,Topics in Business Administration,Prof. Daniel Graham,2026-07-27,Unauthorized Use of AI Tools,Moderate,Resolved - No Violation Found,Student was referred to the Academic Integrity Office for unauthorized use of ai tools.
AI000435,S007382,BIO407,Biology Fundamentals,Prof. Vincent White,2026-07-28,Plagiarism,Minor,Resolved - No Violation Found,Faculty member reported a suspected case of plagiarism in a submitted assignment.
AI000436,S008482,PSY400,Topics in Psychology,Dr. Diana Foster,2026-07-28,Plagiarism,Minor,Resolved - Sanction Issued,Faculty member reported a suspected case of plagiarism in a submitted assignment.
AI000437,S004118,EE323,Principles of Electrical Engineering,Dr. Whitney Hicks,2026-07-29,Plagiarism,Minor,Resolved - Sanction Issued,"During grading, Dr. Whitney Hicks identified indicators consistent with plagiarism."
AI000438,S003507,BUS482,Business Administration Seminar,Dr. Frank Gray,2026-07-29,Fabrication of Data,Serious,Resolved - Sanction Issued,"During grading, Dr. Frank Gray identified indicators consistent with fabrication of data."
AI000439,S007392,MATH290,Advanced Mathematics,Prof. Nancy Edwards,2026-07-30,Duplicate Submission,Serious,Appealed,A case of duplicate submission was flagged via the course's academic integrity review process.
AI000440,S003213,EE371,Introduction to Electrical Engineering,Dr. Joseph Wright,2026-08-02,Contract Cheating,Minor,Resolved - Sanction Issued,Student was referred to the Academic Integrity Office for contract cheating.
AI000441,S008205,CHEM152,Chemistry Fundamentals,Dr. Chelsea Hernandez,2026-08-06,Contract Cheating,Moderate,Resolved - Sanction Issued,Faculty member reported a suspected case of contract cheating in a submitted assignment.
AI000442,S008504,CHEM203,Introduction to Chemistry,Prof. Erin Herrera,2026-08-07,Fabrication of Data,Serious,Resolved - Sanction Issued,"During grading, Prof. Erin Herrera identified indicators consistent with fabrication of data."
AI000443,S004185,BUS484,Business Administration Fundamentals,Dr. Christopher Williams,2026-08-07,Unauthorized Materials,Moderate,Resolved - Sanction Issued,"During grading, Dr. Christopher Williams identified indicators consistent with unauthorized materials."
AI000444,S006163,ENG307,Principles of English,Prof. Kenneth Fowler,2026-08-11,Fabrication of Data,Moderate,Resolved - Sanction Issued,A case of fabrication of data was flagged via the course's academic integrity review process.
AI000445,S009203,NUR263,Introduction to Nursing,Dr. Frank Gray,2026-08-12,Contract Cheating,Serious,Resolved - Sanction Issued,Faculty member reported a suspected case of contract cheating in a submitted assignment.
AI000446,S008898,BIO483,Biology Fundamentals,Prof. Kenneth Fowler,2026-08-15,Duplicate Submission,Severe,Under Investigation,Faculty member reported a suspected case of duplicate submission in a submitted assignment.
AI000447,S008308,PSY111,Topics in Psychology,Dr. Nicholas Arnold,2026-08-16,Plagiarism,Serious,Appealed,Dr. Nicholas Arnold submitted a report alleging plagiarism in PSY111.
AI000448,S004108,SOC111,Sociology Fundamentals,Dr. Debra Gardner,2026-08-16,Exam Impersonation,Minor,Resolved - Sanction Issued,Student was referred to the Academic Integrity Office for exam impersonation.
AI000449,S002668,CHEM259,Topics in Chemistry,Prof. Anna Baker,2026-08-17,Cheating on Exam,Minor,Resolved - No Violation Found,Student was referred to the Academic Integrity Office for cheating on exam.
